timestamp,temperature,humidity,solar_radiation,wind_speed,precipitation
2024-02-01 00:00:00,16.4901424590337,69.2797576724562,0.0,11.973169683940732,0
2024-02-01 01:00:00,18.425314327625617,68.32290311184181,230.46105103191303,0.41168988591604894,1
2024-02-01 02:00:00,18.591576842195146,47.27299868828403,304.25600435859644,3.6680901970686763,0
2024-02-01 03:00:00,14.233420773784673,51.649165607921674,448.59035883296406,12.23705789444759,0
2024-02-01 04:00:00,20.936181811280754,58.24279936868144,291.78233175869013,15.703519227860273,0
2024-02-01 05:00:00,32.33772235600406,41.858016508799906,522.3862153324943,12.150897038028766,0
2024-02-01 06:00:00,23.198083930243584,67.36932106048627,470.8306250206723,8.803049874792027,0
2024-02-01 07:00:00,23.05831185136322,76.37281608315129,482.41012691252155,5.175599632000338,0
2024-02-01 08:00:00,24.286844822858654,61.86841117373119,237.04568950424186,3.697089110510541,1
2024-02-01 09:00:00,22.726982760027063,76.87496940092467,441.72949448813483,1.76985004103839,0
2024-02-01 10:00:00,19.65305515283528,55.54709158757928,219.8896304410711,5.426980635477918,0
2024-02-01 11:00:00,13.548156158941172,61.707843326329936,41.35039594654987,2.818484499495253,0
2024-02-01 12:00:00,12.969233999082125,40.220884684944096,61.16762888408685,16.309228569096682,0
2024-02-01 13:00:00,15.094806539301077,42.96178606936361,0.0,7.169314570885453,0
2024-02-01 14:00:00,10.993790294210694,53.23592099410597,0.0,1.2711670057204727,0
2024-02-01 15:00:00,11.46808122223663,65.50229885420853,0.0,17.74425485152653,0
2024-02-01 16:00:00,7.424654037298518,70.4314019446759,0.0,11.225543951389925,0
2024-02-01 17:00:00,15.457630497989337,57.101640734341984,0.0,0.5083825348819038,0
2024-02-01 18:00:00,5.261141204714514,52.57423924305307,0.0,10.171413823294056,0
2024-02-01 19:00:00,3.7374923760887997,70.22204554172194,0.0,4.575963309832449,0
2024-02-01 20:00:00,3.9142651534760518,77.18790609370292,0.0,16.16240759128834,0
2024-02-01 21:00:00,8.70028279830336,47.46280235544143,0.0,17.851179969799556,0
2024-02-01 22:00:00,7.893840718367939,49.117406501677664,0.0,8.542155772525126,0
2024-02-01 23:00:00,4.446281406284374,48.88431241882921,0.0,2.397307346673656,0
2024-02-02 00:00:00,14.516142865001973,60.75162486973464,40.40508568145384,14.060379177903556,0
2024-02-02 01:00:00,17.532538037490284,52.03513239267079,0.0,5.696809887549352,0
2024-02-02 02:00:00,20.18069062982308,42.05915004999957,496.3242112485286,5.572929284732229,0
2024-02-02 03:00:00,20.346940189025275,59.57811041110252,311.40356855928536,19.713009082212015,0
2024-02-02 04:00:00,27.088722481389446,49.50550175969599,508.2060051608967,14.564326972237192,0
2024-02-02 05:00:00,28.874874180525246,61.43098736299034,622.1954884937245,1.805795401088166,0
2024-02-02 06:00:00,22.028391024607934,41.63100566219056,443.3702270397228,11.817858863764837,0
2024-02-02 07:00:00,24.686691300111093,49.059831007917516,446.4089834612799,12.903455808188998,0
2024-02-02 08:00:00,20.90198133514298,77.46919954946938,588.0061423939734,2.750418882919865,0
2024-02-02 09:00:00,21.000832734560895,66.39936184136715,409.1655704466703,16.344444004024318,0
2024-02-02 10:00:00,15.177550296316317,43.72411071223597,268.4633858532304,17.944315159066534,0
2024-02-02 11:00:00,13.268066107973816,53.968382984506434,248.48224816262456,14.519113577404788,0
2024-02-02 12:00:00,15.751478551037632,65.68126584617151,34.64482094969763,1.6827992999009767,0
2024-02-02 13:00:00,13.090674357471418,40.36788206466519,0.0,2.029430857320642,0
2024-02-02 14:00:00,15.59732353343427,66.07845038010402,0.0,4.485386189211196,0
2024-02-02 15:00:00,5.675393914142743,69.85965620472096,0.0,12.992657980944294,0
2024-02-02 16:00:00,8.805926442139086,43.7469907131237,0.0,7.354316061188671,0
2024-02-02 17:00:00,7.976762381682004,65.24554503989052,0.0,15.896226070832968,0
2024-02-02 18:00:00,4.206029500286132,47.80971951192178,0.0,14.449042305230106,0
2024-02-02 19:00:00,5.466681930519384,47.084427176281956,0.0,18.809171687058285,1
2024-02-02 20:00:00,5.669357606178062,40.6182646611547,0.0,18.566371251754507,0
2024-02-02 21:00:00,6.571545491100515,55.40390914407701,0.0,17.022733430337137,0
2024-02-02 22:00:00,10.642281232390609,77.44619096643123,0.0,13.92059593349946,0
2024-02-02 23:00:00,13.104670717810182,79.60215400417053,0.0,2.8016803047304806,0
2024-02-03 00:00:00,16.07336208104485,67.88062963981072,56.07845263682344,14.049681679742186,0
2024-02-03 01:00:00,20.303556330894885,72.40453578716723,69.01908530280751,17.341446371602075,0
2024-02-03 02:00:00,21.545143058918143,71.931807158671,635.2731490654721,12.999278615555303,0
2024-02-03 03:00:00,22.76795628639469,53.51980627406143,371.17148279850585,7.51165905279888,0
2024-02-03 04:00:00,22.204163394357074,58.623920725298404,441.20011583085153,10.852892694151532,0
2024-02-03 05:00:00,23.415662846721006,41.493927549968575,490.98278439861565,16.452011213193167,0
2024-02-03 06:00:00,25.19284005728639,70.79974212394444,392.2255222070694,4.316420549936863,0
2024-02-03 07:00:00,31.82636613506807,65.49719605992826,667.3042889765875,14.52182667445323,2
2024-02-03 08:00:00,17.584826277871567,71.80744779074814,451.65813336916216,5.416645025241484,0
2024-02-03 09:00:00,19.75561057859521,46.931772802833834,519.6835636540892,3.128740853421721,0
2024-02-03 10:00:00,25.29636272084329,66.40789506870925,290.4981710960955,5.598677938918857,1
2024-02-03 11:00:00,18.72007924740644,64.46882984937409,294.54462119920953,8.392001248555799,0
2024-02-03 12:00:00,18.80073344755987,40.57573954519023,0.0,2.3214528101383247,0
2024-02-03 13:00:00,11.699633665354785,43.91336642604006,57.791045495970025,9.832317502336647,0
2024-02-03 14:00:00,9.242295545820522,55.94018937589494,0.0,12.31700196104433,0
2024-02-03 15:00:00,7.543695748515404,65.03439662856945,0.0,10.062725171601754,0
2024-02-03 16:00:00,3.3952200090117635,42.82274989601719,0.0,12.848385564126312,0
2024-02-03 17:00:00,7.282229827470449,63.01896711503516,0.0,7.763398524130438,0
2024-02-03 18:00:00,11.3991001239688,77.658592351061,0.0,7.722052756015485,1
2024-02-03 19:00:00,3.8814434389522336,52.759025211750455,0.0,16.89750621938909,0
2024-02-03 20:00:00,4.57165169132298,44.726593104866254,0.0,13.934743307283012,0
2024-02-03 21:00:00,9.014973923961934,72.13923721539393,0.0,5.64069145142613,0
2024-02-03 22:00:00,12.241880815369782,79.62020568002694,0.0,8.25235353822853,0
2024-02-03 23:00:00,10.404201364431145,77.23029302414258,0.0,17.168255036860238,0
2024-02-04 00:00:00,17.47624904696409,44.12495475343731,81.35096360006385,18.051058133591333,0
2024-02-04 01:00:00,16.018626170263875,75.82092913984802,224.32382132936021,7.784033574683262,0
2024-02-04 02:00:00,20.972499057465328,78.02428587750225,236.9856945632315,11.468757762465723,0
2024-02-04 03:00:00,16.694932511459832,53.14658181479664,308.87603941428296,13.450369121540769,0
2024-02-04 04:00:00,25.532613489000852,43.64824412194761,495.8472528186473,9.888406094051629,0
2024-02-04 05:00:00,18.389205016999842,75.508167310332,660.0060648012061,7.018300251041573,0
2024-02-04 06:00:00,26.238794362826873,64.72872253265044,443.6275447196025,2.022453522455805,0
2024-02-04 07:00:00,23.359348042183,72.87440237161425,503.3451858972809,14.124844543129925,0
2024-02-04 08:00:00,19.316001013352416,72.5119826903001,292.2663244545639,18.944971547677174,2
2024-02-04 09:00:00,20.078385481952207,43.340028667946754,489.5645272180909,15.542938318548735,0
2024-02-04 10:00:00,22.572978869606057,44.447899292246056,234.00614700365725,9.852502085817182,0
2024-02-04 11:00:00,15.541162647664748,44.752716650722874,124.58997399767922,2.3505249355420976,0
2024-02-04 12:00:00,16.55803954272352,78.48690193898167,153.27389130025782,7.497411590474082,0
2024-02-04 13:00:00,11.382205839081289,78.52890157762445,0.0,0.24308949379632683,1
2024-02-04 14:00:00,10.672277445431252,42.95186258941595,0.0,11.077085688026415,1
2024-02-04 15:00:00,14.75621608083614,67.82994755938469,0.0,9.090821295355465,0
2024-02-04 16:00:00,8.95670787231765,41.81785521365831,0.0,5.619263791844606,1
2024-02-04 17:00:00,5.007945930220787,64.80530391206148,0.0,5.547623659622653,0
2024-02-04 18:00:00,-1.3716871729294207,63.34624447403488,0.0,1.5546927392996968,1
2024-02-04 19:00:00,-0.3973778140833417,72.55180078827794,0.0,13.694623451077586,0
2024-02-04 20:00:00,2.379046341093688,77.30913933416053,0.0,17.321277790008168,0
2024-02-04 21:00:00,7.708098840758804,72.4221332312733,0.0,19.74552258629889,0
2024-02-04 22:00:00,4.860596412727364,78.79657591258413,0.0,16.842378462714173,0
2024-02-04 23:00:00,5.055015745027584,50.93628287722825,0.0,1.1275099330185423,0
2024-02-05 00:00:00,15.01573109915455,70.75949660722043,4.698059376474205,18.89531459764856,0
2024-02-05 01:00:00,16.649119326375885,45.1663766060598,0.0,19.081020545174447,0
2024-02-05 02:00:00,22.13484463426667,64.72512961831583,137.53579081621305,7.1632543606568095,0
2024-02-05 03:00:00,22.798068870114815,70.89273566942558,558.2932827062975,10.403270022239868,0
2024-02-05 04:00:00,29.842497812490347,75.06614410633381,608.5467861365397,8.069657324247942,0
2024-02-05 05:00:00,29.126393784544117,48.518566460356425,570.7454299925455,2.7274295117353953,0
2024-02-05 06:00:00,28.175273460548762,55.68976180398929,324.12605135768854,8.749498440474582,0
2024-02-05 07:00:00,25.259661520410948,71.34612050964571,265.87633033149314,7.930855646425403,0
2024-02-05 08:00:00,18.550106719778924,58.36543024953045,427.4579320025575,19.600651505709543,0
2024-02-05 09:00:00,25.439100866259537,49.60582475112773,209.43381454367392,1.5172665621732784,0
2024-02-05 10:00:00,21.099794738290544,47.275203375965795,156.01202136726445,6.913345666477264,0
2024-02-05 11:00:00,23.753468276889627,46.89279484806519,97.4735217978947,3.8457803761734155,0
2024-02-05 12:00:00,13.40922714488268,47.08041937106987,0.0,1.7740506751411123,0
2024-02-05 13:00:00,8.10954294127722,54.57079444192302,0.0,10.068345417097138,0
2024-02-05 14:00:00,7.900823476022245,74.94314496427108,0.0,18.417448010636264,0
2024-02-05 15:00:00,10.48299498193606,69.93038761534633,0.0,3.6904203871275465,0
2024-02-05 16:00:00,5.514590870700684,64.73019086121184,0.0,7.378272791395448,0
2024-02-05 17:00:00,7.894948014245803,75.80827350748797,0.0,10.233548842313322,0
2024-02-05 18:00:00,4.6162472255577,61.304690658200926,0.0,4.849410072694593,0
2024-02-05 19:00:00,4.7800263694280885,52.88316662332713,0.0,4.2289601399308925,0
2024-02-05 20:00:00,11.40117086737331,71.56684954429353,0.0,9.968843978581145,0
2024-02-05 21:00:00,15.051920398611689,69.81757896737321,0.0,8.633190924593588,0
2024-02-05 22:00:00,7.373145239845725,65.83668965326405,0.0,11.415566093378239,0
2024-02-05 23:00:00,12.494882343823422,49.48907166943978,0.0,2.035649452408075,0
2024-02-06 00:00:00,13.048072292634519,47.46268096205223,0.0,5.701903373876942,0
2024-02-06 01:00:00,10.079911886038559,79.29514467634425,197.87374270677725,2.240778043361047,0
2024-02-06 02:00:00,18.269686008295,46.83550349560263,325.5391225825756,13.37286439848862,0
2024-02-06 03:00:00,28.201029280912394,51.199163746411365,515.5146061370049,15.389858663838737,0
2024-02-06 04:00:00,21.370476568216834,60.3044151473782,252.5244918257674,4.848194648301605,0
2024-02-06 05:00:00,20.086386663380704,63.24952885690449,562.7365446023977,3.0872543054840462,0
2024-02-06 06:00:00,23.044491676593523,53.46417112775683,504.7398671316414,2.688293538779485,0
2024-02-06 07:00:00,22.853352226201526,67.26010888895718,558.9880226080702,15.204557197793731,0
2024-02-06 08:00:00,16.245320537462522,53.95473066171981,353.32317634517176,18.59058288495652,0
2024-02-06 09:00:00,22.580255665036596,47.2493226466264,362.49278250783874,1.32992534733555,0
2024-02-06 10:00:00,23.50334618497942,45.59089506505158,275.4420843301213,15.905346237197804,0
2024-02-06 11:00:00,16.63275491907419,72.58298880925528,97.50382044462621,13.303944413924002,0
2024-02-06 12:00:00,17.61337411029508,55.69780429690542,0.0,16.33198878943154,0
2024-02-06 13:00:00,10.382570487522678,52.05511496656568,0.0,14.952187603525022,0
2024-02-06 14:00:00,10.98078212129249,55.35564885492846,0.0,10.871057222279772,0
2024-02-06 15:00:00,5.274484362380575,77.59328494453901,0.0,12.554161061428356,0
2024-02-06 16:00:00,7.355235184638858,64.80291023714054,0.0,10.66922183952643,0
2024-02-06 17:00:00,3.878556665345874,52.468882711821934,0.0,4.969782796289315,0
2024-02-06 18:00:00,5.214698711658177,70.49834742962761,0.0,17.53531273523499,0
2024-02-06 19:00:00,9.201666628658097,45.99669709395095,0.0,4.585027904652829,0
2024-02-06 20:00:00,8.948563722472596,67.75793777868401,0.0,10.854488866951923,0
2024-02-06 21:00:00,4.7537759795933665,76.33802245334513,0.0,11.667835895322408,0
2024-02-06 22:00:00,11.96309696906217,46.13405612464321,0.0,11.724596640335944,0
2024-02-06 23:00:00,11.803270889964326,74.88495635776606,0.0,18.642365649672247,0
2024-02-07 00:00:00,16.44302769521014,68.28954537253594,22.38840242791314,3.050780858285227,0
2024-02-07 01:00:00,13.563854977626113,69.45776942498891,318.09233376368405,18.687340295380295,0
2024-02-07 02:00:00,17.031185539224257,79.39364795849337,237.42130799003516,16.777961728918683,0
2024-02-07 03:00:00,29.687141117077935,55.96010815480521,405.9486573040531,1.0952327764406267,0
2024-02-07 04:00:00,20.623940912063883,61.49582411751692,267.52703470564234,18.39711232825521,0
2024-02-07 05:00:00,28.469634902617827,58.08871763559229,401.11549144029505,4.492096458799639,0
2024-02-07 06:00:00,24.262770807742168,59.93471090957919,472.72764302523296,8.378508990090959,0
2024-02-07 07:00:00,27.90063786990673,65.29057151678121,298.4723891149248,0.2618891317666727,0
2024-02-07 08:00:00,22.853587966179898,43.413986723145754,322.3601110180524,19.937485036918947,0
2024-02-07 09:00:00,20.038369173664353,69.99841881596711,368.4820469405215,4.198111861911715,0
2024-02-07 10:00:00,18.27901397935929,41.46198671392379,195.31410587596076,9.441338902199984,0
2024-02-07 11:00:00,21.753937258146074,57.63050987752912,0.0,8.01526121750652,0
2024-02-07 12:00:00,13.971937217758956,74.47142484054069,0.0,18.922309242672654,0
2024-02-07 13:00:00,14.911481181837019,56.34936684392386,0.0,0.5077271132068972,0
2024-02-07 14:00:00,12.807035179442385,41.083839700139336,0.0,4.439443238658988,0
2024-02-07 15:00:00,8.225169521046533,47.141786482173345,0.0,13.054922157037494,0
2024-02-07 16:00:00,5.618769767681211,68.89067727422636,0.0,17.113929362125717,0
2024-02-07 17:00:00,10.279933465149238,48.19937181663284,0.0,5.862954605220265,0
2024-02-07 18:00:00,5.978399066726354,56.85698202369991,0.0,17.853434221539498,0
2024-02-07 19:00:00,1.616238044261948,55.18769632669068,0.0,11.805898850296154,0
2024-02-07 20:00:00,2.498457904666765,62.08188723407921,0.0,8.722530582706334,0
2024-02-07 21:00:00,10.84440025865273,71.99421023789262,0.0,8.504270089384669,0
2024-02-07 22:00:00,10.923405306676173,65.33912879304589,0.0,5.157753708664046,0
2024-02-07 23:00:00,8.54646740970281,50.89229306077476,0.0,0.36781353094933467,0
2024-02-08 00:00:00,15.587535765293044,50.96220882748824,0.0,11.083560050315867,0
2024-02-08 01:00:00,16.1807472904404,40.43983314633922,182.10326381443943,2.7377126013761455,0
2024-02-08 02:00:00,20.768089202941628,64.02067441734613,348.26909839455135,13.30073349092511,0
2024-02-08 03:00:00,21.596763341654878,55.3255411299799,434.21271538464237,10.37835410565675,0
2024-02-08 04:00:00,25.213231099251754,43.31194671700506,360.43832057687274,12.063042189327764,0
2024-02-08 05:00:00,20.08721253770959,54.226908658597964,403.11900840282885,14.380918103684909,0
2024-02-08 06:00:00,22.15180333350417,66.54684661450592,763.2382064837391,18.73659478649516,0
2024-02-08 07:00:00,26.481958855884756,42.05703253937001,331.0449148459165,9.927324944024727,0
2024-02-08 08:00:00,27.108074016701416,44.263930125350875,362.69505937963066,1.5027556347161752,0
2024-02-08 09:00:00,27.99614987275782,57.39309354414985,348.82692533037283,4.928040664782136,0
2024-02-08 10:00:00,21.897223217166562,50.8858054891985,347.255444962673,11.804613337381742,0
2024-02-08 11:00:00,13.630146783612993,61.67603789513433,106.7850006503929,17.458916717528165,0
2024-02-08 12:00:00,16.67937134379312,67.6910625807141,108.07807255546224,16.983913031306386,0
2024-02-08 13:00:00,7.832153963881553,79.50672031986588,0.0,18.881186793732265,0
2024-02-08 14:00:00,11.28885465739776,47.223013805093345,0.0,11.358904611052589,0
2024-02-08 15:00:00,9.268851382685787,78.84232980661471,0.0,18.885329782268677,0
2024-02-08 16:00:00,6.424701090547,52.76401892973023,0.0,16.57830948301355,0
2024-02-08 17:00:00,1.125261970015937,44.822675431091156,0.0,1.5390640325841831,0
2024-02-08 18:00:00,8.767268376720562,42.614253631957695,0.0,6.305806756612206,0
2024-02-08 19:00:00,3.388987212438745,65.03565505748037,0.0,17.71955496472374,0
2024-02-08 20:00:00,6.586597929981887,77.56270794051585,0.0,15.975664715473307,5
2024-02-08 21:00:00,11.598445039908894,56.07723654436968,0.0,9.597512406078177,0
2024-02-08 22:00:00,8.66349243579768,56.854280091082806,0.0,14.75164603177783,0
2024-02-08 23:00:00,11.510728084708898,51.489559666163274,0.0,5.926162409119802,0
2024-02-09 00:00:00,14.895945337839656,55.373065886387266,23.421473253652074,13.592945653861397,0
2024-02-09 01:00:00,17.09102129158536,75.16473230248658,46.85103824951429,18.894640445828205,0
2024-02-09 02:00:00,16.631833935313104,79.64674504547907,288.24097461840506,4.6334340276688675,0
2024-02-09 03:00:00,25.572376555016383,60.50754044066034,515.6642463720452,4.613396234355173,0
2024-02-09 04:00:00,21.790832458570094,71.18337894267013,377.4649899761938,7.002505183334602,0
2024-02-09 05:00:00,23.53906045776097,70.32953902816365,365.60589244332164,13.920412361075844,0
2024-02-09 06:00:00,23.343330867157086,48.95270459290492,563.293181775551,10.739488457868271,0
2024-02-09 07:00:00,22.138928027140665,75.09843450521521,499.43269588824825,5.312000851774121,0
2024-02-09 08:00:00,24.517850210019105,66.20967922556088,466.4583808909219,11.017147412182787,0
2024-02-09 09:00:00,16.825426856992898,50.39015135041305,227.81936055038932,14.468402273771698,0
2024-02-09 10:00:00,18.447166102891487,74.04827656195076,272.37879516388983,9.902930540279486,0
2024-02-09 11:00:00,21.20507468488372,53.91236831608772,163.7230276529479,13.560323051181271,0
2024-02-09 12:00:00,16.751784555977892,71.89704086427713,0.0,13.16903669316851,0
2024-02-09 13:00:00,13.62866232839593,73.48053313454687,0.0,13.949429233385672,0
2024-02-09 14:00:00,14.146476973112584,46.344204211722946,0.0,17.61741518397857,0
2024-02-09 15:00:00,6.817962082342639,69.74033025166432,0.0,3.215197920966164,0
2024-02-09 16:00:00,6.4259804309600685,40.25543486867334,0.0,5.740762663498256,0
2024-02-09 17:00:00,5.4146680323950696,50.39214324256639,0.0,12.680114061992228,0
2024-02-09 18:00:00,4.076665295140997,70.44111610008112,0.0,10.825331573522206,1
2024-02-09 19:00:00,8.967687569428712,77.2811242204007,0.0,2.050194559813585,0
2024-02-09 20:00:00,5.00044511850403,52.03854267787265,0.0,14.163441772905632,0
2024-02-09 21:00:00,2.4990554851924047,64.83662071069908,0.0,0.914840676250257,0
2024-02-09 22:00:00,8.323234458185231,70.3305278371609,0.0,0.4917383291760302,0
2024-02-09 23:00:00,12.018694327977796,70.81629671231173,0.0,13.665907532130104,0
2024-02-10 00:00:00,10.655958298751269,46.544952847666764,0.0,15.896190974998587,0
2024-02-10 01:00:00,20.95375001930575,50.930381079928374,260.46390502048166,19.017271245008207,0
2024-02-10 02:00:00,21.950603533875984,56.78909267704489,240.0824136220617,12.77051895328171,0
2024-02-10 03:00:00,24.7647334281465,49.198184235643446,332.8966737501408,4.262094080501666,0
2024-02-10 04:00:00,19.905635765273054,74.57432999358548,577.3891622995452,9.464198133831143,1
2024-02-10 05:00:00,25.468266335081893,71.06387411166966,459.9572695848959,15.41843689288104,0
2024-02-10 06:00:00,26.92816827960263,45.249795107295505,632.9152530132432,0.6505235898250383,0
2024-02-10 07:00:00,28.406863565353284,59.260894060502004,532.1033698464839,2.3461637792478895,0
2024-02-10 08:00:00,21.63107713166658,48.02098906801347,613.106745183301,9.831890934828738,0
2024-02-10 09:00:00,17.296853869376612,71.90236402548753,410.0234968468894,6.207239178471475,0
2024-02-10 10:00:00,18.64308104225277,64.00082192477214,7.612067337104293,5.833251574186065,0
2024-02-10 11:00:00,18.704584624304694,41.58475301393429,177.2967389444441,9.610138945156578,0
2024-02-10 12:00:00,14.989192382728296,64.72622937272476,0.0,14.049299410882078,0
2024-02-10 13:00:00,9.782853545052248,54.02507724836723,0.0,0.6640621758273313,0
2024-02-10 14:00:00,6.995139970315256,62.70163393046232,0.0,13.789299382745314,0
2024-02-10 15:00:00,6.448543739042481,44.18271361337601,0.0,12.728604990872734,0
2024-02-10 16:00:00,6.518637071916139,68.36242077803666,0.0,17.41938247492171,0
2024-02-10 17:00:00,3.6023519148991063,72.5930045498605,0.0,1.6022969276935028,0
2024-02-10 18:00:00,8.952182196902978,58.092731380732005,0.0,12.871553903930499,0
2024-02-10 19:00:00,4.232176886642625,42.41408335962255,0.0,4.942064680202929,0
2024-02-10 20:00:00,5.378704037572654,79.03461023276526,0.0,6.737915835422137,0
2024-02-10 21:00:00,9.78499183167824,59.92782865812556,0.0,11.107271018752625,0
2024-02-10 22:00:00,10.114010434504598,47.981698037165806,0.0,13.604564848625827,0
2024-02-10 23:00:00,15.684947855468785,69.08676279065233,0.0,14.85413042399962,0
2024-02-11 00:00:00,11.322703010992976,79.50598254944231,0.0,0.8021838282496496,0
2024-02-11 01:00:00,12.90276986683879,69.01030641660546,329.5832328042739,9.733378828494057,0
2024-02-11 02:00:00,19.48211810017754,51.073111889402064,338.3659937486672,11.847006571867244,0
2024-02-11 03:00:00,23.669647490305852,65.26240880370082,228.172567213948,14.66226044830562,0
2024-02-11 04:00:00,25.142344596692602,47.187324354809675,459.08007847461,4.750866498477553,1
2024-02-11 05:00:00,25.630658645708518,59.69111425792139,453.81391524518517,4.944621488063541,0
2024-02-11 06:00:00,27.315096131945033,54.36933477599062,215.14573793699248,11.859017028698549,0
2024-02-11 07:00:00,25.7820984296226,50.3253373080451,474.278435431515,13.134733290825844,0
2024-02-11 08:00:00,22.257150433908716,78.79284180314178,467.663090065291,9.075790827672785,0
2024-02-11 09:00:00,15.785595243825519,73.15533463530437,378.97077981789397,8.617750473236118,0
2024-02-11 10:00:00,24.502279371902933,46.68167631603799,335.02217421134924,3.3523843257663533,0
2024-02-11 11:00:00,20.12942748098031,58.98523502999255,251.65961403994856,16.883408979383944,0
2024-02-11 12:00:00,18.09085036209553,48.23364840147073,23.87891590265141,2.2383923879545575,0
2024-02-11 13:00:00,12.556964903832203,77.46422769179846,0.0,0.7868708133701929,0
2024-02-11 14:00:00,12.197920231646739,52.64624419907002,0.0,10.144696173767848,0
2024-02-11 15:00:00,8.346959968998322,74.71673178080088,0.0,9.094797112677181,0
2024-02-11 16:00:00,12.604870076497798,45.586050190252514,0.0,0.599471797453559,0
2024-02-11 17:00:00,2.525338006491771,66.93729733299669,0.0,19.39824092214541,0
2024-02-11 18:00:00,3.1286931179125848,74.72569017510021,0.0,3.542995788947718,0
2024-02-11 19:00:00,5.248078830394575,64.71388960804856,0.0,17.378099689574363,0
2024-02-11 20:00:00,9.656323761029565,48.62700609590868,0.0,13.177709404653143,0
2024-02-11 21:00:00,5.614047220883887,66.31381218412145,0.0,19.98827451541333,0
2024-02-11 22:00:00,9.80758496022102,74.83013801349037,0.0,15.64770968116547,0
2024-02-11 23:00:00,14.105018512654581,56.165612866041315,0.0,6.540663231264774,0
2024-02-12 00:00:00,16.792200209549573,71.91254595434538,70.11727423108984,8.71166629625866,0
2024-02-12 01:00:00,17.94969032739311,40.230346419924864,26.54208923835199,6.4917165980054055,0
2024-02-12 02:00:00,24.783515189674915,55.54232405081383,165.3038651681672,8.973872452450614,0
2024-02-12 03:00:00,18.191631840927002,42.92783695073774,293.4559942929376,12.068971867627559,0
2024-02-12 04:00:00,21.595803002311214,55.19143120716919,658.2562824266502,17.266672991436504,0
2024-02-12 05:00:00,23.296525437430894,53.64991310504625,480.96937361995316,7.603912375717141,0
2024-02-12 06:00:00,28.06771129602892,64.31620371173778,743.9752406339273,15.297665230842565,0
2024-02-12 07:00:00,23.90120119888779,77.08138179185227,522.1713661146212,1.205347805791217,0
2024-02-12 08:00:00,21.39836027124436,59.43487036745303,404.945194205542,5.135531354410158,0
2024-02-12 09:00:00,24.983770007668404,61.56645106701018,291.80872934736396,6.2261539831200725,0
2024-02-12 10:00:00,17.031115590288987,56.541964061014056,344.0771187988216,2.437721866738951,0
2024-02-12 11:00:00,14.680591620083911,61.006535346682405,184.51325277551427,14.180925234448654,0
2024-02-12 12:00:00,10.221018799404995,78.5170750095032,44.04747379603996,9.670912934398494,0
2024-02-12 13:00:00,10.67491978339228,65.32605502376089,0.0,19.02806684413314,0
2024-02-12 14:00:00,10.146580210977115,49.1231908779573,0.0,4.240896798164533,0
2024-02-12 15:00:00,11.377191372925672,76.00092493592044,0.0,7.068427586054362,0
2024-02-12 16:00:00,4.184524165448024,72.90457274054714,0.0,8.474765072975256,0
2024-02-12 17:00:00,6.059174122227007,58.07070714948917,0.0,11.732169263509482,0
2024-02-12 18:00:00,6.901330642796296,48.669592003631024,0.0,1.9142911104032345,0
2024-02-12 19:00:00,9.014495049987744,61.8678965085628,0.0,4.638941922319509,0
2024-02-12 20:00:00,6.07489981710185,79.51142080859549,0.0,2.7287950511346626,0
2024-02-12 21:00:00,3.622075703494202,68.70391062632706,0.0,13.848723026487393,2
2024-02-12 22:00:00,11.706949237555822,50.96642666239224,0.0,1.588387379779732,0
2024-02-12 23:00:00,9.109471700464729,54.1998522332775,0.0,1.3884768549218673,0
2024-02-13 00:00:00,15.701357735372243,75.20316350245832,0.0,13.017547380943883,0
2024-02-13 01:00:00,14.070380680441257,66.77947820792761,6.06271242324982,19.88278722442335,0
2024-02-13 02:00:00,25.017717160513108,58.60822449134872,291.9019009366045,1.2028468520157043,0
2024-02-13 03:00:00,19.098990645952366,61.43310737892325,416.4947490819525,1.9335289929343924,0
2024-02-13 04:00:00,21.453664210075086,66.59646897948872,556.622019413263,15.908999215794584,0
2024-02-13 05:00:00,23.05753095894028,46.0966405332167,342.24851052304257,19.849670043167503,0
2024-02-13 06:00:00,28.63929309993755,60.83831909088168,514.1716913639905,12.471713760055195,0
2024-02-13 07:00:00,23.076850292049112,73.04270521010113,519.1305716868997,15.640561753407718,0
2024-02-13 08:00:00,21.302285656320542,43.505709870553545,299.8894065364416,18.739156460621256,0
2024-02-13 09:00:00,19.52677171384778,57.888101620193424,193.45146082309853,12.011886667212346,0
2024-02-13 10:00:00,19.98178726538032,79.6863205929325,333.84907744516414,17.028499154901915,0
2024-02-13 11:00:00,16.272428832253322,75.11897281780278,246.03979727493947,17.361133802149006,0
2024-02-13 12:00:00,12.995728639070855,43.23677132205009,99.20423495365233,8.059603575303228,0
2024-02-13 13:00:00,9.302081799905901,79.0244080343966,1.8973290076110914,12.81944154690664,0
2024-02-13 14:00:00,9.92491912376457,64.2501175100391,0.0,15.29619601805991,0
2024-02-13 15:00:00,0.35177628732706445,45.85495968648996,0.0,7.350688445830629,0
2024-02-13 16:00:00,6.509695736846938,78.6328864461288,0.0,8.64995756660264,0
2024-02-13 17:00:00,-3.3240718784688568,44.22658737046976,0.0,12.816526293804124,0
2024-02-13 18:00:00,9.592252497031092,46.08099412514592,0.0,1.2269925422133632,0
2024-02-13 19:00:00,3.274741472220486,79.79465268679068,0.0,1.1556112199273327,0
2024-02-13 20:00:00,4.499537971532796,67.68645366776528,0.0,1.2458359626012538,0
2024-02-13 21:00:00,3.3260363089811475,64.95583345166554,0.0,10.540829278233034,0
2024-02-13 22:00:00,5.899363904753733,54.71037403509158,0.0,8.282595050578541,0
2024-02-13 23:00:00,15.047740078152913,40.44125057714589,0.0,8.32307996359523,0
2024-02-14 00:00:00,13.361266655242552,61.41240525810367,39.18040054025465,4.30403744034475,0
2024-02-14 01:00:00,14.605871751898627,61.91837955894772,126.31562283569797,9.087546691199218,0
2024-02-14 02:00:00,19.918086381470204,46.00194658775937,156.67320409268035,6.493518537801199,0
2024-02-14 03:00:00,15.162976843231327,55.779051142801414,309.05881458080654,9.188935368119733,0
2024-02-14 04:00:00,21.653035821864634,67.52538824346169,537.003170631827,8.752062481107838,0
2024-02-14 05:00:00,24.394230285863397,65.48805907233123,575.0978734431839,13.187078444115654,0
2024-02-14 06:00:00,28.905223868196394,42.6660816224276,656.1511196726852,10.36816043890408,0
2024-02-14 07:00:00,24.925198355084717,67.20911116833413,655.1757737130312,0.8334580120476853,0
2024-02-14 08:00:00,22.56428938390806,42.85026911061034,451.48073247871025,0.242169504697749,1
2024-02-14 09:00:00,19.663589612230535,51.86142325150621,483.43452307797895,6.994064594916991,0
2024-02-14 10:00:00,16.85926705195418,46.964373413363376,303.6652752527286,1.9679129942679463,0
2024-02-14 11:00:00,15.243052889189304,40.837798441236515,217.3687813498971,1.643433349528547,1
2024-02-14 12:00:00,17.98814305741745,64.98654275417056,0.0,7.6387927930579185,0
2024-02-14 13:00:00,13.255348235783151,70.98535122551152,0.0,12.878085070822614,0
2024-02-14 14:00:00,8.069445308859573,79.19881317435403,0.0,12.037631792726442,0
2024-02-14 15:00:00,10.16633594131574,66.2591442932601,0.0,2.5619149273240005,0
2024-02-14 16:00:00,3.205318380092516,57.57619958777809,0.0,12.25879164989051,0
2024-02-14 17:00:00,3.8893083424860277,47.898819594397494,0.0,17.73849800418539,0
2024-02-14 18:00:00,7.581420465079236,74.45479985453744,0.0,16.930286773805562,0
2024-02-14 19:00:00,7.853429847184433,58.4215798909656,0.0,16.83997105780123,0
2024-02-14 20:00:00,8.328389768157852,47.097150778788276,0.0,10.900538377938766,2
2024-02-14 21:00:00,7.645816938028379,69.03919639941182,0.0,16.3557065971389,0
2024-02-14 22:00:00,13.714849214300903,69.31206179065002,0.0,10.844744109836967,0
2024-02-14 23:00:00,6.714280385228381,62.600879714360644,0.0,13.777706041001814,0
2024-02-15 00:00:00,18.869258262248238,46.40286539818292,67.31813512699584,9.231149488395797,0
2024-02-15 01:00:00,20.073553998110526,79.67239805397455,36.73821230204223,1.9835619917443181,0
2024-02-15 02:00:00,18.258429650585832,62.20339797209145,308.85784044206093,14.661425920593496,0
2024-02-15 03:00:00,20.527143164211033,71.35167137941589,242.53105194231375,11.084530282640333,0
2024-02-15 04:00:00,21.305559098597666,78.32293920477521,497.8407452766052,7.35881502604169,0
2024-02-15 05:00:00,23.296689587956134,75.06603047312802,400.92853069146463,19.926686752544946,0
2024-02-15 06:00:00,30.180891553700214,75.44783121860297,460.03638143853976,11.860886683735682,0
2024-02-15 07:00:00,29.702535207682143,40.12873054417115,407.87235816652276,12.391786749196815,0
2024-02-15 08:00:00,22.004679600167048,65.6930210362091,688.8326304590446,1.297071889659367,0
2024-02-15 09:00:00,27.65501460357466,64.13950666385819,542.2148552022148,13.529358744527244,0
2024-02-15 10:00:00,22.33508322849991,59.93022729053814,194.88142836714664,1.5411655826866233,0
2024-02-15 11:00:00,20.935896611121294,68.30723738963663,64.48296474366808,15.772299293448128,0
2024-02-15 12:00:00,11.574932657599486,53.12771014437246,0.0,8.680387323477506,0
2024-02-15 13:00:00,13.851988289234843,69.42652456956759,0.0,19.966950227858995,0
2024-02-15 14:00:00,6.927439527012387,65.4470945883293,0.0,15.71303236160464,0
2024-02-15 15:00:00,11.371160178709347,55.35331807732176,0.0,11.43744542454373,0
2024-02-15 16:00:00,4.873197696796794,53.38045154967729,0.0,0.5239341706412959,0
2024-02-15 17:00:00,3.757411144371499,60.72315064955262,0.0,5.974511471775461,0
2024-02-15 18:00:00,3.601890494395273,74.90921001938408,0.0,16.838671335836175,0
2024-02-15 19:00:00,4.7644085789449955,59.31875488341421,0.0,2.6695994483188756,0
2024-02-15 20:00:00,6.257201247003706,57.474028104607186,0.0,14.590164573047934,0
2024-02-15 21:00:00,8.993267634645122,45.41416329110742,0.0,15.027501720580913,0
2024-02-15 22:00:00,9.699537770560138,50.46822734943624,0.0,4.939575981439996,0
2024-02-15 23:00:00,9.890965257003398,70.37593049671855,0.0,8.9947968490108,0
2024-02-16 00:00:00,14.935898116954691,41.34454400733131,0.0,1.2530640691070905,0
2024-02-16 01:00:00,17.893123314093735,56.443824104028266,16.30688340206609,6.946866525176853,0
2024-02-16 02:00:00,20.200972151674616,77.47289848132368,301.5939217704099,1.0451575857204753,0
2024-02-16 03:00:00,24.724888181453554,79.25188361988987,261.6353767212021,5.130601248884956,0
2024-02-16 04:00:00,24.540927834344274,58.55729946753345,297.3545214298788,19.44010659263074,0
2024-02-16 05:00:00,22.23399878932052,46.049873149397385,451.4364287203796,4.506338599024701,0
2024-02-16 06:00:00,25.60170759169283,60.935636454974656,614.8637349428715,2.2953774373843494,0
2024-02-16 07:00:00,23.772634542451033,68.31340388919074,498.1944645021966,10.870764346852921,0
2024-02-16 08:00:00,20.44383700188757,46.63098160653103,140.87765354275865,18.913962940005646,0
2024-02-16 09:00:00,20.72592715470383,56.47062166338034,554.554319523274,13.019469343019082,0
2024-02-16 10:00:00,20.062381123026224,72.25614468931357,177.19970587708653,9.18479755193916,0
2024-02-16 11:00:00,15.70273585933707,50.34483339552155,189.65724349520872,3.294127068645918,0
2024-02-16 12:00:00,15.368010947984388,48.1952509660285,162.46784584695612,17.556601563040818,0
2024-02-16 13:00:00,11.330389336361005,58.04957376723952,0.0,19.699793122817503,0
2024-02-16 14:00:00,12.649329331441479,61.54807191810857,0.0,9.956250160685805,0
2024-02-16 15:00:00,11.044098455338364,55.216800300302495,0.0,15.51223701850655,1
2024-02-16 16:00:00,6.679557193768909,51.48551832338302,0.0,15.857088380676787,0
2024-02-16 17:00:00,8.905178941230268,55.8388189064982,0.0,18.301801368140865,0
2024-02-16 18:00:00,6.454198451883425,71.73045401753018,0.0,6.335233541350533,0
2024-02-16 19:00:00,4.544101223054044,79.34085890860888,0.0,2.8142305609751683,0
2024-02-16 20:00:00,3.4743782241075554,57.612936734733964,0.0,12.30596050139604,0
2024-02-16 21:00:00,8.503495079732417,60.20827094306553,0.0,19.342532305183408,0
2024-02-16 22:00:00,6.812819415559357,75.27711033218576,0.0,8.549793758412303,0
2024-02-16 23:00:00,12.509983023596906,61.095984884907054,0.0,14.387072447383172,0
2024-02-17 00:00:00,15.583152904732009,47.496477763903286,0.0,17.163541063143278,0
2024-02-17 01:00:00,23.011818927422777,52.574004527349935,164.4880401267413,9.423357978656293,0
2024-02-17 02:00:00,13.634435302974216,59.768497890012,189.21780129055674,16.56498504874437,0
2024-02-17 03:00:00,23.70851933555152,73.03912850832327,269.56530094220017,2.0127495704706666,0
2024-02-17 04:00:00,22.48497959071292,58.014039156216505,340.77168344236907,14.976526739266129,0
2024-02-17 05:00:00,20.10391143099646,73.6579021233904,607.3482064031657,9.42574334796329,2
2024-02-17 06:00:00,22.288894417809615,67.04710248301737,532.4359281721603,6.50208030863398,0
2024-02-17 07:00:00,23.45305802934067,73.4816450097176,535.3893809088511,5.585521769088208,0
2024-02-17 08:00:00,24.039392776483623,52.21242706786925,626.9056017980479,4.252887527421922,0
2024-02-17 09:00:00,25.15711564395465,77.53219273793931,221.8785059110681,17.42408964526104,0
2024-02-17 10:00:00,21.90416440568531,50.411474302640116,360.96998419562226,18.143900614116596,0
2024-02-17 11:00:00,14.689253293729811,57.88222175225702,144.423134188399,9.207165424038525,0
2024-02-17 12:00:00,8.481991361957894,79.07201314042638,84.74216771504221,2.2144118665263135,0
2024-02-17 13:00:00,11.746226837588873,74.33366707196484,0.0,5.844364609237955,0
2024-02-17 14:00:00,12.216431442662511,40.72026222401818,0.0,19.25620714148052,0
2024-02-17 15:00:00,10.59492044878741,51.2608479365972,0.0,17.455076791322558,0
2024-02-17 16:00:00,7.441607902359638,43.86137880781763,0.0,4.83787656517678,0
2024-02-17 17:00:00,-0.3148584189540342,63.934299371910356,0.0,5.944756154172344,0
2024-02-17 18:00:00,7.850922775920727,75.69209992558609,0.0,3.706603590574289,0
2024-02-17 19:00:00,7.543655763793806,41.38681066905933,0.0,11.656136701669793,5
2024-02-17 20:00:00,6.549902451495159,42.54563637146569,0.0,16.627470287714196,0
2024-02-17 21:00:00,8.724398770031184,73.17147197267022,0.0,17.579578005645345,0
2024-02-17 22:00:00,1.890303121002285,52.67786351164477,0.0,8.691919217174235,0
2024-02-17 23:00:00,15.069218961779942,57.73520057516751,0.0,12.14179157437508,0
2024-02-18 00:00:00,19.919893588114178,49.497338734992255,74.21274910718923,10.247275550915813,0
2024-02-18 01:00:00,16.818426660478686,66.0889703818189,0.0,19.01062105172407,0
2024-02-18 02:00:00,20.13080733911736,65.36416125505326,419.5051040430753,1.4186443226754686,0
2024-02-18 03:00:00,20.752301678770156,41.825949820095346,132.77829895501685,2.8004819510663537,0
2024-02-18 04:00:00,19.441301646828883,64.43120284303073,424.70214462934985,5.613664310319486,0
2024-02-18 05:00:00,24.044453149450945,40.30656130596901,483.6497386384379,4.3813761820371555,0
2024-02-18 06:00:00,24.07237276885041,72.10342718319251,424.78435944094167,11.440972867386016,0
2024-02-18 07:00:00,25.79131037118037,55.880601649487666,464.9139342513708,1.7418553359154298,0
2024-02-18 08:00:00,22.703092230844536,60.29647754871235,353.4101162118705,17.484450493703516,0
2024-02-18 09:00:00,20.873732255257227,55.783043023905854,288.2637133521176,8.436563570776627,0
2024-02-18 10:00:00,20.80137995303445,64.31620856362815,300.87250232299334,6.187454357255642,0
2024-02-18 11:00:00,18.022793444997877,67.46359653970427,67.93223603556869,2.2897527613181023,0
2024-02-18 12:00:00,8.544553796012087,44.84100001940772,0.0,8.378955803749509,0
2024-02-18 13:00:00,13.947581822062617,66.74290586891657,0.0,13.573399133451296,0
2024-02-18 14:00:00,9.704235603147216,65.44384185638168,0.0,18.265738951524735,0
2024-02-18 15:00:00,9.073547875902522,44.82233665614761,0.0,18.049066145716836,0
2024-02-18 16:00:00,2.908567340193631,40.468264429236164,0.0,8.44068520255278,0
2024-02-18 17:00:00,13.375071358024494,41.74956289235789,0.0,2.4600659024749127,0
2024-02-18 18:00:00,8.797123522594102,66.09166594367758,0.0,16.912087259798135,0
2024-02-18 19:00:00,10.861393141635288,51.01524697021674,0.0,6.126269975564254,0
2024-02-18 20:00:00,10.517141862348602,72.89689494673114,0.0,17.151246753225674,0
2024-02-18 21:00:00,2.4710084021403524,63.28794986376455,0.0,7.423448468752552,0
2024-02-18 22:00:00,13.09763861302497,54.98211548080485,0.0,3.3372040339750564,0
2024-02-18 23:00:00,9.518596785139707,41.017910396230036,0.0,12.916447725729686,0
2024-02-19 00:00:00,13.313495920265094,56.38515579580928,0.0,6.224349901267871,0
2024-02-19 01:00:00,12.701519900301662,48.715702170199606,256.6582672111343,19.760719323111836,0
2024-02-19 02:00:00,17.571189440235063,59.423587986375914,292.40610444640896,0.5507343973893097,0
2024-02-19 03:00:00,21.764682491760478,41.559840502996465,394.479229352998,0.6191158183868706,0
2024-02-19 04:00:00,22.88386584984308,51.56979087890618,592.877418942691,18.001663660329616,0
2024-02-19 05:00:00,24.37895605013968,75.53614689234725,505.861155650642,12.05885752958923,0
2024-02-19 06:00:00,24.678093567987315,55.420476189476894,544.7716925810278,6.807742085090114,0
2024-02-19 07:00:00,25.20915889920566,61.66819249640016,364.9336191855448,15.2380362520974,0
2024-02-19 08:00:00,18.257080835386173,50.373395892683774,378.74532191881724,3.8924767340974387,0
2024-02-19 09:00:00,18.286703310900148,78.65669543465629,267.04946795837446,11.154176525000878,0
2024-02-19 10:00:00,16.78177092278058,57.76174996808812,273.9246864111149,12.524686428421276,0
2024-02-19 11:00:00,18.463775737025255,62.77509444729131,219.3560196660851,12.413209596491681,0
2024-02-19 12:00:00,13.604068629659842,59.02184149947307,0.0,10.860491679153263,0
2024-02-19 13:00:00,13.209468443152792,74.7987663859074,47.50214747506823,2.6130468764692583,0
2024-02-19 14:00:00,10.807380823735324,51.03070273005428,0.0,17.541811620363777,0
2024-02-19 15:00:00,7.55507879956414,79.2394951265074,0.0,9.668148719462932,0
2024-02-19 16:00:00,1.0206485575349724,51.43134222103481,0.0,4.064461821721745,0
2024-02-19 17:00:00,6.062155485099938,59.693019200047274,0.0,11.545580584662625,0
2024-02-19 18:00:00,4.835317998151141,73.10075688425212,0.0,15.290555893094353,0
2024-02-19 19:00:00,8.838159794734471,75.7236082078166,0.0,1.2491518723814288,0
2024-02-19 20:00:00,8.120416128998201,65.06370044372841,0.0,18.527652134601734,0
2024-02-19 21:00:00,13.800123109759447,68.90827830792914,0.0,13.85064863074216,0
2024-02-19 22:00:00,7.085029796376139,72.1774883071802,0.0,5.5751974482910605,0
2024-02-19 23:00:00,10.804969533698548,40.5726111066824,0.0,14.757390371230601,0
2024-02-20 00:00:00,13.075555214331143,70.13711689027876,43.192254467394065,15.378455642152819,0
2024-02-20 01:00:00,19.341700099383132,64.54416456949834,174.37511321384542,1.7720942793935812,0
2024-02-20 02:00:00,19.510799108168708,56.28425956502511,175.50973551935505,1.3201968828048316,0
2024-02-20 03:00:00,22.391429392287996,77.90752103857884,340.0765326817618,1.4463295051587721,1
2024-02-20 04:00:00,17.97941003698303,43.07448301104654,454.34207262951315,10.012485361408356,0
2024-02-20 05:00:00,24.121626839014514,42.91607341471614,491.21418307685315,8.057465652652741,0
2024-02-20 06:00:00,22.692572950638105,72.13930973187539,406.00968988911353,18.58456107263708,0
2024-02-20 07:00:00,23.824084750457747,59.05747945375167,546.2990446288994,4.520579956319994,0
2024-02-20 08:00:00,23.840051928643373,54.31256336454196,460.75039568803857,12.956348919810567,0
2024-02-20 09:00:00,22.094960659807466,57.97398968158568,453.9243429743415,11.717295769070384,0
2024-02-20 10:00:00,20.628978245823877,49.67726721262118,200.83638143679525,14.279052650131796,0
2024-02-20 11:00:00,18.297935703653803,60.80679569243004,266.3804003482386,2.8575192267882343,0
2024-02-20 12:00:00,14.923277063424019,51.370963717100665,0.0,2.676567259993863,0
2024-02-20 13:00:00,10.533239452310093,51.04678231283598,0.0,14.139529749114324,0
2024-02-20 14:00:00,12.475294794002906,52.65080598917227,0.0,2.0378477613202706,0
2024-02-20 15:00:00,10.114986579785276,52.53391670340572,0.0,15.778649435520144,0
2024-02-20 16:00:00,8.892439848659533,55.092722158527714,0.0,19.281568329802163,0
2024-02-20 17:00:00,5.1440989167663025,55.505952218225886,0.0,12.654237574972019,0
2024-02-20 18:00:00,7.896192453773512,78.6419002051471,0.0,15.22075580501566,1
2024-02-20 19:00:00,2.174580685831853,44.21459689003426,0.0,15.636477266898712,0
2024-02-20 20:00:00,5.921407135112616,78.27199261937145,0.0,10.008022914204025,0
2024-02-20 21:00:00,3.6044860033051904,54.74828683459181,0.0,7.396265119743532,0
2024-02-20 22:00:00,8.640254772930955,72.88719547265694,0.0,17.00696002239791,0
2024-02-20 23:00:00,11.300037979757429,75.20626951685941,80.97108666148023,4.314813583529082,0
2024-02-21 00:00:00,10.338723701951807,45.46403614604691,81.78896580250287,13.032795209545531,0
2024-02-21 01:00:00,20.81371825803058,55.80523630446013,0.0,14.264137665652354,0
2024-02-21 02:00:00,19.014144572753047,54.711439510246116,310.3187431082343,1.1618390416069957,0
2024-02-21 03:00:00,16.83952346196678,73.41920902968778,365.4552311986712,0.29386777309907686,0
2024-02-21 04:00:00,22.97445429182433,59.71458337789787,333.57776443136805,8.085794945097382,0
2024-02-21 05:00:00,24.427141088892363,58.56380637814016,484.4648358039631,19.269984817751766,0
2024-02-21 06:00:00,21.457561554073465,70.9596551261105,611.4321694668872,15.458429637522302,0
2024-02-21 07:00:00,23.94617288882176,50.623313318344245,502.18638956405727,0.3510472673325782,0
2024-02-21 08:00:00,23.96582292363035,53.92382372673153,587.9147170417382,7.434785898126606,0
2024-02-21 09:00:00,25.037075319939483,78.96777775265429,218.40881410407664,16.94121653967799,0
2024-02-21 10:00:00,20.520024993111225,71.21504494283921,274.39531979085,9.15991518007143,0
2024-02-21 11:00:00,16.400704108830222,49.12941453974796,111.44712252773681,4.932072699560493,0
2024-02-21 12:00:00,14.472436786703788,42.313777977886424,166.14701657280187,19.15579601976408,0
2024-02-21 13:00:00,14.023082048158223,43.02420162467003,0.0,7.313614965227426,0
2024-02-21 14:00:00,8.874410859028192,64.89654566263987,0.0,15.626437114946102,0
2024-02-21 15:00:00,8.906054261574129,65.43818828654913,0.0,7.76331412253991,0
2024-02-21 16:00:00,3.907173428524602,76.69943372527962,0.0,5.810090113428408,0
2024-02-21 17:00:00,6.330936739547182,42.488129046588114,0.0,2.946060885579407,0
2024-02-21 18:00:00,2.494571295109931,45.37099403609102,0.0,19.15868242113541,0
2024-02-21 19:00:00,5.352150965478877,67.18481330940432,0.0,1.5247843594712895,0
2024-02-21 20:00:00,5.798570916868391,61.86308568129179,0.0,8.656320044189385,0
2024-02-21 21:00:00,7.3266846974759305,48.36741861631711,0.0,0.9995805731935747,0
2024-02-21 22:00:00,8.712266739104011,78.42507902052799,0.0,3.9385140890685677,1
2024-02-21 23:00:00,12.555693886919423,50.38167132704361,0.0,8.739917713312417,0
2024-02-22 00:00:00,15.569118502831188,79.24711347049178,0.0,3.8021529956745526,0
2024-02-22 01:00:00,17.668233622356812,79.09231631966014,186.61880039175253,15.146204142688777,0
2024-02-22 02:00:00,25.41304432936023,49.893612632763336,230.9096208272701,12.812303670977748,0
2024-02-22 03:00:00,22.767535661091582,70.8650764391443,233.24013039160445,9.977913290718838,0
2024-02-22 04:00:00,19.909030835935233,52.866799586381944,493.464234527756,16.96084179202968,0
2024-02-22 05:00:00,24.19778018129558,41.16679054581058,395.6699454705776,9.61780293206018,0
2024-02-22 06:00:00,23.924979543936335,55.91346502008628,435.2458194364841,18.390620493120995,2
2024-02-22 07:00:00,20.62691485180112,70.17059893388091,322.6368664629392,18.368528642908174,1
2024-02-22 08:00:00,18.06063418376254,71.50196343435117,533.7640708759117,5.020027665246005,0
2024-02-22 09:00:00,26.207197050655527,49.61595651574028,229.07026677145808,3.8318589146965154,0
2024-02-22 10:00:00,20.042819203509303,48.83411131852036,154.6060580603355,0.778599266513349,0
2024-02-22 11:00:00,18.229902055629655,51.29914975908107,110.46815545310555,19.009183411505916,0
2024-02-22 12:00:00,20.92932175354646,60.66793540905071,0.0,15.175525075146503,0
2024-02-22 13:00:00,14.749631211157283,77.85826052601621,0.0,17.85116454972949,0
2024-02-22 14:00:00,9.617352638867398,59.90159408584409,0.0,4.093602181145679,0
2024-02-22 15:00:00,6.276768601047995,74.20120806479741,0.0,4.141516184217105,0
2024-02-22 16:00:00,-1.4728956077257864,72.43514324031673,0.0,16.71651855821032,0
2024-02-22 17:00:00,8.451883603329106,66.18602747463818,0.0,3.0319014960019874,0
2024-02-22 18:00:00,-0.3357627520195505,57.009127417507756,0.0,0.7514218079781476,0
2024-02-22 19:00:00,7.411452138250133,42.185376800038895,0.0,19.461563259446656,0
2024-02-22 20:00:00,3.078008145567207,49.216666484693995,0.0,0.02947644172622832,0
2024-02-22 21:00:00,11.581052897389412,73.937015163621,0.0,8.452583940272183,0
2024-02-22 22:00:00,13.582328209142114,72.67117866022545,0.0,3.632279355132053,0
2024-02-22 23:00:00,16.791005174088603,66.44057016989281,0.0,1.569116326342479,0
2024-02-23 00:00:00,12.508666780330305,71.22526869702229,52.25141052657575,11.675455610282233,1
2024-02-23 01:00:00,12.822796829772532,68.57696656284969,208.7030079005711,15.18010565043862,0
2024-02-23 02:00:00,25.987002469351893,54.77123080862164,560.991855600536,18.65849725139344,0
2024-02-23 03:00:00,25.316893991088023,58.468645752524765,453.1066375015818,18.419890421931516,0
2024-02-23 04:00:00,25.65802679400777,50.96286357368764,475.17136295366487,16.14141807733406,0
2024-02-23 05:00:00,20.76190832998748,79.14101873556562,360.741732277242,17.130744474958536,0
2024-02-23 06:00:00,26.373318598455658,77.88362668434075,667.4492433347538,9.92517505764723,0
2024-02-23 07:00:00,26.021807764460196,69.37775728302366,429.48958838857504,7.687100770482697,0
2024-02-23 08:00:00,19.10663279780196,68.19484040173526,397.3097818115585,16.342562840311704,0
2024-02-23 09:00:00,27.52873736176464,74.50561884596715,357.5470303147428,3.585112238155801,0
2024-02-23 10:00:00,13.539971240386267,45.26860114316374,359.71527117536954,17.30591517817825,0
2024-02-23 11:00:00,14.236766470395677,74.85656136763417,28.200033971502805,13.45405988417796,0
2024-02-23 12:00:00,17.050707969601433,62.86983932574995,0.0,16.65660753576542,0
2024-02-23 13:00:00,12.621050095497939,51.50530916174713,0.0,6.135531990442824,0
2024-02-23 14:00:00,5.432922441346328,69.30796202361122,0.0,8.090547711477393,0
2024-02-23 15:00:00,5.817968539434995,57.3106751839705,0.0,13.708877664438031,0
2024-02-23 16:00:00,5.872051428345614,77.77794330777213,0.0,12.834687945971163,0
2024-02-23 17:00:00,1.7843546763240168,56.7333545640912,0.0,15.018795967266366,0
2024-02-23 18:00:00,2.1087232213681673,57.28075710378024,0.0,19.607374818843702,0
2024-02-23 19:00:00,1.3557968827141629,78.82706181638977,0.0,2.266070094549284,0
2024-02-23 20:00:00,9.010341195529975,56.90914547575729,0.0,6.930483359054365,0
2024-02-23 21:00:00,5.443385879722023,59.3215879023556,0.0,5.370675121352146,0
2024-02-23 22:00:00,10.621801988196829,64.145488022375,0.0,1.5395893412993256,0
2024-02-23 23:00:00,12.161656723151905,43.682679443299016,0.0,11.980891743007632,0
2024-02-24 00:00:00,11.101256289217208,40.604427368579,82.97324178791744,19.300307389089436,0
2024-02-24 01:00:00,21.15792464274871,64.40029668317942,230.7770966056467,6.258147884272964,0
2024-02-24 02:00:00,23.05298440053051,77.86934915693583,277.14953108256475,2.1181160880751526,0
2024-02-24 03:00:00,21.42633674641524,63.50343484437607,381.2327355258025,14.022791888349474,0
2024-02-24 04:00:00,22.9720818056403,63.317042272170525,428.66500691083303,5.062030783592175,0
2024-02-24 05:00:00,24.329949751442253,73.59206426657707,532.7114388750999,3.7708121149850227,0
2024-02-24 06:00:00,24.929343547377286,43.70501932205469,482.5645742097164,14.967686993524627,0
2024-02-24 07:00:00,19.84286299373354,57.37613276026439,439.06231805741135,14.468956357000021,0
2024-02-24 08:00:00,28.90900575046065,65.50752987583742,571.1581097612681,4.840441599617544,0
2024-02-24 09:00:00,23.148616959441714,40.54982216045381,410.34756490078695,4.967525207396005,0
2024-02-24 10:00:00,17.251424253556273,42.50105182971383,166.8177791769555,9.178810331936408,0
2024-02-24 11:00:00,22.433120907758656,43.24596714144957,229.11889810071392,19.029814203535743,0
2024-02-24 12:00:00,16.499055330908803,77.30842032531045,47.2002270919275,10.885079322273954,0
2024-02-24 13:00:00,16.662870787919672,69.51669573416102,0.0,10.428980483337602,0
2024-02-24 14:00:00,12.04998697843321,63.377956390297044,0.0,10.766638865114269,0
2024-02-24 15:00:00,10.35996723474346,66.65852190107343,0.0,15.747740535046656,0
2024-02-24 16:00:00,2.32392856298587,68.21843321133946,0.0,8.552026674066745,0
2024-02-24 17:00:00,6.955713804300097,42.56025386434484,0.0,16.494864746940152,0
2024-02-24 18:00:00,3.838608050631456,52.04184311337252,0.0,10.052624852602609,0
2024-02-24 19:00:00,7.720249837488609,44.21572872431221,0.0,15.288814561510087,0
2024-02-24 20:00:00,2.5702252793178455,46.37969050165433,0.0,3.2092522854245287,0
2024-02-24 21:00:00,9.557045382064695,75.26762447374031,0.0,16.282513711823235,0
2024-02-24 22:00:00,9.006074850450029,52.39227501289876,0.0,4.9991389279524245,0
2024-02-24 23:00:00,5.97740144132407,54.15156634945744,0.0,16.571111958121627,0
2024-02-25 00:00:00,16.646651505952093,78.11260068010024,0.0,6.534850840600816,0
2024-02-25 01:00:00,19.711099722150667,75.05277732569246,130.3133412024911,2.051359251671796,0
2024-02-25 02:00:00,20.525634256725535,47.75452271747571,548.525900260341,17.176335423363092,0
2024-02-25 03:00:00,22.59552111829181,69.93423414662959,370.01890612913064,8.784212024994346,0
2024-02-25 04:00:00,25.081150268278748,47.17013022957123,340.3745888940655,13.878991810203136,0
2024-02-25 05:00:00,24.995573103364233,46.45451204221535,657.4268304704024,1.671086750213795,0
2024-02-25 06:00:00,22.871260435752482,44.21381937925333,374.1495089324666,4.447226094963406,0
2024-02-25 07:00:00,20.406386460336364,42.30928636900469,542.9488431280987,7.820657382547973,0
2024-02-25 08:00:00,26.724403924132584,56.63100414093287,641.856979179212,8.578886668602886,0
2024-02-25 09:00:00,25.328847900833868,46.867756308217984,459.07527572637804,10.002255041532539,0
2024-02-25 10:00:00,20.983463518529256,61.30016265663927,342.42701395378293,2.3078928435783475,0
2024-02-25 11:00:00,16.580997466266044,45.713678592573274,50.464986527161756,13.841472940487378,0
2024-02-25 12:00:00,17.575353349969998,48.17265533595881,0.0,10.156101279175582,0
2024-02-25 13:00:00,12.274708855684455,62.427131797558,0.0,12.568529132291742,0
2024-02-25 14:00:00,10.84190921347041,73.44470812828996,0.0,16.427767258013887,0
2024-02-25 15:00:00,1.6714846113646624,71.6623281036548,0.0,9.0258822605851,0
2024-02-25 16:00:00,3.939630268962677,55.51304359667725,0.0,16.070753189252066,0
2024-02-25 17:00:00,4.513635158346718,61.67043857070253,0.0,19.361316241015178,0
2024-02-25 18:00:00,3.1798991157041097,55.018757138660014,0.0,16.076290903868934,0
2024-02-25 19:00:00,2.1071263029777456,54.02082137144647,0.0,7.450665475191016,0
2024-02-25 20:00:00,4.525511968540976,68.90951008955219,0.0,13.13458969443216,0
2024-02-25 21:00:00,7.30206972246248,40.212539026733836,0.0,16.089892848636445,0
2024-02-25 22:00:00,7.797478603664509,70.66060198130339,0.0,11.674271754627279,0
2024-02-25 23:00:00,14.665202092392335,60.72032265618499,0.0,2.8064903638703,0
2024-02-26 00:00:00,19.21010991037557,46.795240242029415,69.79032725390276,3.8995039980057844,0
2024-02-26 01:00:00,18.656198338700285,70.34861284655683,151.20926361787411,11.943106119806037,0
2024-02-26 02:00:00,20.571906773795074,65.2956529731355,344.13105807674833,3.1295343200720116,0
2024-02-26 03:00:00,19.10757576910408,48.0901672209814,446.8766354248371,6.276536164488311,0
2024-02-26 04:00:00,22.5487297420743,76.31354055534136,292.4559999743551,10.141192934774367,0
2024-02-26 05:00:00,25.326056660235405,55.31195057745551,435.029227000449,16.436618931707187,0
2024-02-26 06:00:00,23.02649633844359,67.69435689844232,585.4525227066615,5.281239693874376,0
2024-02-26 07:00:00,20.393238688168083,50.78047449169091,593.4689861248252,3.81853170143287,0
2024-02-26 08:00:00,25.04987291414176,50.585401077014296,296.2989212461948,13.239378895877373,0
2024-02-26 09:00:00,24.208953263404762,47.50889622769008,429.508037551078,1.7676989396903742,0
2024-02-26 10:00:00,16.974335947771376,41.24596371173564,53.737430832742064,5.191528985500984,0
2024-02-26 11:00:00,16.59027849597233,62.293486782920326,178.56373463899146,0.7795864132226082,0
2024-02-26 12:00:00,17.03742832631459,75.52472755736143,0.0,6.505812367234956,0
2024-02-26 13:00:00,11.004362458897361,63.06809595431025,0.0,1.345118279347357,0
2024-02-26 14:00:00,12.270366039960948,74.32093084028917,0.0,19.95256594804313,0
2024-02-26 15:00:00,7.63692173214648,45.20322679315788,0.0,0.4485177832411025,0
2024-02-26 16:00:00,7.34132586186122,52.51111956841416,0.0,13.086840109854394,0
2024-02-26 17:00:00,9.34545148063965,41.55752066750662,0.0,16.742392556613044,0
2024-02-26 18:00:00,11.036811337102296,74.57732987473457,0.0,11.73873013117814,0
2024-02-26 19:00:00,10.647057086887576,55.56921886767154,0.0,4.57750924966998,0
2024-02-26 20:00:00,7.442693841129879,48.46543594279445,0.0,19.912622189977668,2
2024-02-26 21:00:00,11.284305122678154,68.604006451348,0.0,11.863164380789364,0
2024-02-26 22:00:00,15.862472301250856,67.10126455534738,0.0,7.462452368447671,0
2024-02-26 23:00:00,12.41594850199874,67.6353590620329,0.0,13.942716117836184,0
2024-02-27 00:00:00,12.772547302384847,65.43761307306843,0.0,11.986042322788755,0
2024-02-27 01:00:00,16.395078109304453,66.71042366412613,311.40440760622744,16.747341595403014,0
2024-02-27 02:00:00,24.662481262144322,73.5261989995457,335.39759765522234,16.05621869649001,1
2024-02-27 03:00:00,19.130284282972944,56.0754879956292,659.7480871338955,3.073820856884091,0
2024-02-27 04:00:00,24.819223991279067,63.327632171083906,412.5655797936071,11.856803610162203,0
2024-02-27 05:00:00,22.236952058481837,64.27387822160557,468.0623932081476,17.61946011279315,0
2024-02-27 06:00:00,21.608153995187422,74.51987325435488,562.2711223900269,17.721868706264164,0
2024-02-27 07:00:00,21.972589982251677,72.1056124941172,582.5637790834012,19.944757998072053,0
2024-02-27 08:00:00,24.41974975195833,78.93530476659285,515.0471031534651,9.300190350528553,0
2024-02-27 09:00:00,21.523804820408223,42.680661510048395,305.0905141928773,19.50686266958141,0
2024-02-27 10:00:00,19.38242170735898,42.84139556176009,175.34216534597607,4.215862031000572,0
2024-02-27 11:00:00,12.398496955844667,44.039124272710445,106.31849718310498,3.349821781882154,0
2024-02-27 12:00:00,14.814707400419614,51.134739266506266,47.944151808606456,15.965863944183734,0
2024-02-27 13:00:00,9.367005130045868,45.18715912896941,0.0,5.129261220335319,0
2024-02-27 14:00:00,8.631637517577436,48.42027758661372,0.0,16.180472805833528,0
2024-02-27 15:00:00,10.57248221726055,46.197012445737705,0.0,1.654736712363798,0
2024-02-27 16:00:00,8.059129401879217,72.15219561933901,0.0,2.7429697630548633,0
2024-02-27 17:00:00,1.8437269662433229,64.9599394211593,0.0,5.472808357215433,0
2024-02-27 18:00:00,4.758200752109717,52.25853872171281,0.0,16.447624223707088,0
2024-02-27 19:00:00,1.7831600957187064,69.00024305196474,0.0,11.48575150180422,0
2024-02-27 20:00:00,7.785946144161773,52.555019868898825,0.0,10.76045410727806,0
2024-02-27 21:00:00,4.375851671198454,59.57570149626355,0.0,14.832829036720845,0
2024-02-27 22:00:00,13.740675146604154,54.456151162687455,0.0,17.195893496232912,0
2024-02-27 23:00:00,10.833322488332316,70.49787834699474,0.0,2.5200405572798856,0
2024-02-28 00:00:00,20.71240976871902,59.58497848200979,162.59589153620632,12.894904971536372,0
2024-02-28 01:00:00,11.298163355315818,66.46669038516757,215.78870500822657,2.8244708674629893,0
2024-02-28 02:00:00,18.233399519783912,48.74839201294333,166.27375689502992,3.656755597376342,0
2024-02-28 03:00:00,23.212212156514408,78.79706101380764,334.46925872893866,11.425209398741947,0
2024-02-28 04:00:00,27.31413149476106,54.69562914788282,381.6930654408797,1.740344366055775,0
2024-02-28 05:00:00,25.863940088053837,47.004925605214126,529.794471638448,13.455292288249334,0
2024-02-28 06:00:00,26.225821923105304,49.986758109609205,469.2191528861116,5.264946930360224,0
2024-02-28 07:00:00,25.547812677083723,65.09315740362712,520.4846088602504,15.005315278776845,0
2024-02-28 08:00:00,17.39917298203818,43.75106105028066,374.55092882649944,9.722609704298481,0
2024-02-28 09:00:00,20.102479947200145,76.33738207517501,280.2641020205512,9.361381084685803,0
2024-02-28 10:00:00,18.179404466428473,59.49061416400203,295.7686586053552,8.599704282421195,0
2024-02-28 11:00:00,21.10317738636686,46.828334532499206,92.87592725001346,0.6092737261792025,0
2024-02-28 12:00:00,15.42377142026239,64.60516562164798,0.0,18.212114344288434,0
2024-02-28 13:00:00,10.459311372084903,41.396462106248954,0.0,11.023199238327441,0
2024-02-28 14:00:00,9.137657441798936,40.99886648468198,0.0,8.980775358602518,0
2024-02-28 15:00:00,8.67646820327622,51.241990006675564,0.0,3.4699210071004405,0
2024-02-28 16:00:00,4.989707388168175,70.03078596844223,0.0,2.5097259359830137,0
2024-02-28 17:00:00,7.602991247980734,62.631262193639856,0.0,18.582894344233747,0
2024-02-28 18:00:00,5.294202618616834,71.00976207339798,0.0,4.688512000230293,0
2024-02-28 19:00:00,6.8569545574023065,50.6198562971629,0.0,12.229272224513217,0
2024-02-28 20:00:00,8.947209739646304,77.88645851600991,0.0,17.697102353920087,0
2024-02-28 21:00:00,5.040871091810663,78.53441281784151,0.0,0.20568991871384057,0
2024-02-28 22:00:00,12.628140377589379,79.60435384347463,0.0,6.237588715274505,0
2024-02-28 23:00:00,12.086030636837451,50.441941049393925,0.0,6.867734043552884,0
2024-02-29 00:00:00,16.921439385602472,42.47233842756891,0.0,1.8472105622275703,0
2024-02-29 01:00:00,14.301987741997497,78.72305525802935,159.24870720789085,8.934290545170407,0
2024-02-29 02:00:00,19.439311525514047,66.47654530548046,86.95267562848596,15.023542739080856,0
2024-02-29 03:00:00,24.666663635869302,72.69631389224438,370.219559299006,15.140962293972509,0
2024-02-29 04:00:00,20.813504475369875,56.096250371972474,607.7490216837751,17.691737764592276,0
2024-02-29 05:00:00,23.84877828574269,67.64223250957048,542.3555865867986,5.432663625487393,0
2024-02-29 06:00:00,23.413066875807953,57.19830479119287,394.34423572397475,16.61898342110137,0
2024-02-29 07:00:00,25.347200648194622,51.5178137070397,654.2296844283911,9.856391690656492,0
2024-02-29 08:00:00,19.555308921345958,46.57622116315515,631.7403018153002,2.3316614911139344,0
2024-02-29 09:00:00,21.239119642167534,69.32000428890493,425.06963066934225,13.173227098795339,0
2024-02-29 10:00:00,20.79206024400101,66.28121992936428,377.23535001067677,17.967729331680697,0
2024-02-29 11:00:00,18.988339153040755,44.178180724006054,180.04622030388597,11.537147622654004,0
2024-02-29 12:00:00,19.54918216576072,41.29773784188748,60.211832039248414,13.174352774540443,0
2024-02-29 13:00:00,7.17881739114002,77.53262914605264,0.0,16.374804589681016,2
2024-02-29 14:00:00,4.276577326367828,42.01398107877413,0.0,1.0553051571920524,0
2024-02-29 15:00:00,3.367308236024833,64.55881225300931,0.0,5.057162365002224,0
2024-02-29 16:00:00,9.587819123816836,72.82784643067117,0.0,9.547007962448026,0
2024-02-29 17:00:00,8.801432023088898,53.127179311904484,0.0,4.18118747413692,0
2024-02-29 18:00:00,0.4419617735694725,73.63634841611628,0.0,4.4247739289212795,0
2024-02-29 19:00:00,6.794081552946129,55.384443039150725,0.0,9.182480465733619,0
2024-02-29 20:00:00,6.911017631930788,61.26288610746925,0.0,0.6531812156899175,0
2024-02-29 21:00:00,4.486966285189502,66.25638414002628,0.0,19.423018147365717,0
2024-02-29 22:00:00,8.972352397426702,56.70667983267979,0.0,2.3271697032899175,0
2024-02-29 23:00:00,12.951302787588503,43.07212193257686,0.0,7.093324099701657,0
2024-03-01 00:00:00,18.477222194867693,72.58684018839958,0.0,12.236620402064428,0
2024-03-01 01:00:00,16.192539851170967,54.19590733946216,100.52999228131176,8.263450344154391,0
2024-03-01 02:00:00,18.3333596615394,55.810372617246315,270.4389031602976,3.6355773443472383,0
2024-03-01 03:00:00,18.47148864532668,75.17320862713896,324.3278690488897,11.140810265500702,0
2024-03-01 04:00:00,28.92505325278611,78.32472035677735,434.85286497056313,4.408920084908379,0
2024-03-01 05:00:00,28.77048734484228,56.128425327352915,625.908693348935,15.047957646075758,0
2024-03-01 06:00:00,22.80090101342803,69.25985856172557,681.8061922557824,16.48943035209098,0
2024-03-01 07:00:00,25.1148910917325,73.78663636360898,608.4441074914512,8.626034126820292,0
2024-03-01 08:00:00,23.102716781266146,73.76849301144573,464.0126002087749,9.680411450188082,0
2024-03-01 09:00:00,24.089897425350593,53.00844785104845,177.09379966556907,0.7853882848330462,0
2024-03-01 10:00:00,19.71662385667399,69.13483417358584,291.9609972024118,6.9161219682085,0
2024-03-01 11:00:00,21.628199622289806,50.637138025284756,81.97497836091324,19.806646075872965,0
2024-03-01 12:00:00,19.948442682971766,67.52182228296516,107.06105599791867,2.4077515757817802,0
2024-03-01 13:00:00,13.742314710728367,48.907043164923394,0.0,6.144328340425417,0
2024-03-01 14:00:00,6.51464846826291,46.83745609683393,0.0,8.362895763255993,0
2024-03-01 15:00:00,5.407519381076736,40.663699225303915,0.0,13.234373652879132,0
2024-03-01 16:00:00,4.8890615106160045,40.94831014578074,0.0,16.698944113888075,1
2024-03-01 17:00:00,4.219755502316806,74.73638095787736,0.0,18.529275959123698,0
2024-03-01 18:00:00,-0.7280682625218784,41.14609710310618,0.0,11.665047846251134,0
2024-03-01 19:00:00,3.310729327365274,41.61032012036928,0.0,11.767044419663065,0
2024-03-01 20:00:00,6.46372285896747,51.00956724148033,0.0,14.188777292679495,0
2024-03-01 21:00:00,7.203683271454182,61.99474251104821,0.0,1.0114620764845772,0
2024-03-01 22:00:00,11.296788851902463,48.97274235414105,0.0,4.521581420211254,0
2024-03-01 23:00:00,6.455426487721497,74.82753821829758,0.0,1.6704982936003754,0
