timestamp,solar_production,consumption,battery_charge,battery_discharge
2024-02-01 00:00:00,0.0,1.171257531016828,79.0262094759027,1.171257531016828
2024-02-01 01:00:00,0.0,1.162259411480036,77.86395006442267,1.162259411480036
2024-02-01 02:00:00,2.673132020689712,0.3148737599670939,80.22220832514527,0.0
2024-02-01 03:00:00,3.0805944752217655,0.9069653843002934,82.39583741606674,0.0
2024-02-01 04:00:00,4.072543684611946,1.8571594679368266,84.61122163274186,0.0
2024-02-01 05:00:00,3.691755370244997,1.415165920609389,86.88781108237747,0.0
2024-02-01 06:00:00,3.1936373028636984,0.827208299947517,89.25424008529365,0.0
2024-02-01 07:00:00,5.561796211490006,1.0674642864144361,93.74857201036922,0.0
2024-02-01 08:00:00,5.031897746334227,1.0702499800999115,97.71021977660352,0.0
2024-02-01 09:00:00,3.3536175150839185,0.9310964201731826,100.0,0.0
2024-02-01 10:00:00,2.523395016902015,1.337206321423439,100.0,0.0
2024-02-01 11:00:00,0.7227600197344137,1.8050115848922252,98.91774843484218,1.0822515651578115
2024-02-01 12:00:00,0.0,0.7859257522774512,98.13182268256473,0.7859257522774512
2024-02-01 13:00:00,0.0,0.9270497050088359,97.20477297755589,0.9270497050088359
2024-02-01 14:00:00,0.0,1.9864982726665001,95.2182747048894,1.9864982726665001
2024-02-01 15:00:00,0.0,2.091176422045892,93.1270982828435,2.091176422045892
2024-02-01 16:00:00,0.0,1.1520692899276122,91.9750289929159,1.1520692899276122
2024-02-01 17:00:00,0.0,0.9291640891303048,91.04586490378558,0.9291640891303048
2024-02-01 18:00:00,0.0,1.3968425981903356,89.64902230559525,1.3968425981903356
2024-02-01 19:00:00,0.0,2.057716648690567,87.59130565690468,2.057716648690567
2024-02-01 20:00:00,0.0,1.611874159787153,85.97943149711753,1.611874159787153
2024-02-01 21:00:00,0.0,0.5870078791861849,85.39242361793134,0.5870078791861849
2024-02-01 22:00:00,0.0,2.383327744645718,83.00909587328563,2.383327744645718
2024-02-01 23:00:00,0.0,1.1077546783789451,81.90134119490669,1.1077546783789451
2024-02-02 00:00:00,0.0,1.7186565935194804,63.4198887412434,1.7186565935194804
2024-02-02 01:00:00,1.220451717239997,1.7127224320920862,62.92761802639131,0.4922707148520893
2024-02-02 02:00:00,2.2222898558008537,2.1394329066566966,63.01047497553547,0.0
2024-02-02 03:00:00,1.8761107440073927,1.1615024307707342,63.72508328877213,0.0
2024-02-02 04:00:00,2.6914421698669306,1.915095905931305,64.50142955270775,0.0
2024-02-02 05:00:00,4.764101893551337,1.725612659659254,67.53991878659984,0.0
2024-02-02 06:00:00,5.183493666889928,0.9109795663118097,71.81243288717796,0.0
2024-02-02 07:00:00,5.53092741670741,2.261619310856129,75.08174099302924,0.0
2024-02-02 08:00:00,4.199723612383502,2.39089945438553,76.89056515102722,0.0
2024-02-02 09:00:00,1.1718039170684165,1.237775931868674,76.82459313622697,0.0659720148002576
2024-02-02 10:00:00,1.2646965393180474,1.8607396618786716,76.22855001366635,0.5960431225606242
2024-02-02 11:00:00,0.0,1.8787475746687428,74.34980243899761,1.8787475746687428
2024-02-02 12:00:00,1.3705361439967139,1.8476014500419997,73.87273713295232,0.47706530604528585
2024-02-02 13:00:00,0.0,1.0060633295496255,72.8666738034027,1.0060633295496255
2024-02-02 14:00:00,0.0,2.1248094526483334,70.74186435075437,2.1248094526483334
2024-02-02 15:00:00,0.0,1.480490240311228,69.26137411044314,1.480490240311228
2024-02-02 16:00:00,0.0,0.48709606344431156,68.77427804699883,0.48709606344431156
2024-02-02 17:00:00,0.0,2.4557095435698617,66.31856850342896,2.4557095435698617
2024-02-02 18:00:00,0.0,1.5947399106105404,64.72382859281842,1.5947399106105404
2024-02-02 19:00:00,0.0,0.8725386659988538,63.85128992681957,0.8725386659988538
2024-02-02 20:00:00,0.0,1.9689577687553275,61.882332158064244,1.9689577687553275
2024-02-02 21:00:00,0.0,2.934201527833384,58.948130630230864,2.934201527833384
2024-02-02 22:00:00,0.0,2.0293642649419397,56.918766365288924,2.0293642649419397
2024-02-02 23:00:00,0.0,1.8859600774183376,55.032806287870585,1.8859600774183376
2024-02-03 00:00:00,0.0,2.018323414709628,29.44419328150166,2.018323414709628
2024-02-03 01:00:00,2.9368354355237534,1.6224096869472697,30.758619030078147,0.0
2024-02-03 02:00:00,2.1112767680532754,1.576217383437093,31.29367841469433,0.0
2024-02-03 03:00:00,4.010661153684505,2.0803495017985916,33.22399006658024,0.0
2024-02-03 04:00:00,3.3484480465895237,1.6262949636895456,34.94614314948022,0.0
2024-02-03 05:00:00,4.516349712333351,0.931156271724633,38.53133659008894,0.0
2024-02-03 06:00:00,5.212608237420456,2.367415945613614,41.37652888189578,0.0
2024-02-03 07:00:00,5.028735409995731,0.8772030441927225,45.52806124769879,0.0
2024-02-03 08:00:00,1.4941011597188811,1.8543593367589657,45.1678030706587,0.36025817704008456
2024-02-03 09:00:00,2.068237675784104,1.643566677061493,45.59247406938131,0.0
2024-02-03 10:00:00,3.535148720007548,1.171522411800795,47.956100377588065,0.0
2024-02-03 11:00:00,0.6577215240011242,1.638361486294158,46.97546041529503,0.9806399622930339
2024-02-03 12:00:00,0.0,1.1210719019970619,45.85438851329797,1.1210719019970619
2024-02-03 13:00:00,0.0,1.3497725655911244,44.504615947706846,1.3497725655911244
2024-02-03 14:00:00,0.0,2.8829898072196336,41.62162614048721,2.8829898072196336
2024-02-03 15:00:00,0.0,1.0791440269809955,40.54248211350621,1.0791440269809955
2024-02-03 16:00:00,0.0,0.7055907623398894,39.83689135116632,0.7055907623398894
2024-02-03 17:00:00,0.0,1.2024482806761383,38.634443070490185,1.2024482806761383
2024-02-03 18:00:00,0.0,1.1904636317413957,37.44397943874879,1.1904636317413957
2024-02-03 19:00:00,0.0,1.6373709513731725,35.80660848737562,1.6373709513731725
2024-02-03 20:00:00,0.0,1.545594136921891,34.26101435045373,1.545594136921891
2024-02-03 21:00:00,0.0,2.007322693219706,32.25369165723402,2.007322693219706
2024-02-03 22:00:00,0.0,0.6836986271563384,31.569993030077683,0.6836986271563384
2024-02-03 23:00:00,0.17067983749445603,2.070926622405486,29.669746245166653,1.9002467849110298
2024-02-04 00:00:00,0.33855287628591424,1.0310372117318005,44.52667043651018,0.6924843354458863
2024-02-04 01:00:00,1.251901155814702,0.9871236581798614,44.79144793414502,0.0
2024-02-04 02:00:00,3.100821398422605,2.0306854824365668,45.861583850131055,0.0
2024-02-04 03:00:00,3.3604333235681327,1.6808305306235083,47.541186643075676,0.0
2024-02-04 04:00:00,5.225289740005128,1.4998431636941127,51.26663321938669,0.0
2024-02-04 05:00:00,2.6818291797354723,1.7247369564161534,52.22372544270601,0.0
2024-02-04 06:00:00,6.086047049537114,0.9926202534070739,57.31715223883605,0.0
2024-02-04 07:00:00,3.5022405384622877,1.7082230190507264,59.11116975824761,0.0
2024-02-04 08:00:00,3.410196766132016,1.0088482098113427,61.51251831456829,0.0
2024-02-04 09:00:00,3.950284980976661,2.6600203610086295,62.80278293453632,0.0
2024-02-04 10:00:00,2.196131459023907,1.047965855132,63.95094853842823,0.0
2024-02-04 11:00:00,0.0,1.6289879906105904,62.32196054781764,1.6289879906105904
2024-02-04 12:00:00,1.103877343316258,1.737583873247691,61.6882540178862,0.6337065299314328
2024-02-04 13:00:00,0.0,1.205364174105347,60.48288984378085,1.205364174105347
2024-02-04 14:00:00,0.0,1.917375663162441,58.565514180618415,1.917375663162441
2024-02-04 15:00:00,0.0,0.7271351066546334,57.83837907396378,0.7271351066546334
2024-02-04 16:00:00,0.0,1.7870356104470007,56.05134346351678,1.7870356104470007
2024-02-04 17:00:00,0.0,0.8289361257574425,55.222407337759336,0.8289361257574425
2024-02-04 18:00:00,0.0,1.4255153451163516,53.79689199264298,1.4255153451163516
2024-02-04 19:00:00,0.0,2.398180411463482,51.3987115811795,2.398180411463482
2024-02-04 20:00:00,0.0,1.3786593615939833,50.020052219585516,1.3786593615939833
2024-02-04 21:00:00,0.0,2.115000286359575,47.90505193322594,2.115000286359575
2024-02-04 22:00:00,0.0,2.314234277386161,45.59081765583978,2.314234277386161
2024-02-04 23:00:00,0.0,2.2952910363089254,43.295526619530854,2.2952910363089254
2024-02-05 00:00:00,0.21802509213256502,1.0105928769594303,52.18981044170638,0.7925677848268653
2024-02-05 01:00:00,0.9472317112340392,1.669126243764589,51.46791590917583,0.7218945325305499
2024-02-05 02:00:00,1.818614596890714,1.2528228310716416,52.0337076749949,0.0
2024-02-05 03:00:00,1.5777310617579636,1.5109719041076661,52.1004668326452,0.0
2024-02-05 04:00:00,1.3991442275530193,1.1570009791402893,52.34261008105793,0.0
2024-02-05 05:00:00,2.9359191960955124,1.3803115742455425,53.8982177029079,0.0
2024-02-05 06:00:00,3.7866702006907307,1.9799783372168727,55.70490956638176,0.0
2024-02-05 07:00:00,5.447180582405872,0.9411105798815149,60.21097956890611,0.0
2024-02-05 08:00:00,5.456934240407785,1.110352200239284,64.55756160907461,0.0
2024-02-05 09:00:00,3.00095390766928,1.755431494574159,65.80308402216974,0.0
2024-02-05 10:00:00,4.444582752582506,1.228858831118668,69.01880794363358,0.0
2024-02-05 11:00:00,0.0,2.2451897350964907,66.77361820853709,2.2451897350964907
2024-02-05 12:00:00,0.0,1.3192057097122036,65.45441249882488,1.3192057097122036
2024-02-05 13:00:00,0.0,1.3206481134755406,64.13376438534934,1.3206481134755406
2024-02-05 14:00:00,0.0,1.8382209082473857,62.29554347710195,1.8382209082473857
2024-02-05 15:00:00,0.0,1.1594724196926607,61.13607105740929,1.1594724196926607
2024-02-05 16:00:00,0.0,1.6274983753372994,59.50857268207199,1.6274983753372994
2024-02-05 17:00:00,0.0,1.959851657042151,57.54872102502984,1.959851657042151
2024-02-05 18:00:00,0.0,2.195366243795771,55.353354781234074,2.195366243795771
2024-02-05 19:00:00,0.0,1.1041453247162025,54.249209456517875,1.1041453247162025
2024-02-05 20:00:00,0.0,1.9019596654403603,52.347249791077516,1.9019596654403603
2024-02-05 21:00:00,0.0,1.2798516064462206,51.067398184631294,1.2798516064462206
2024-02-05 22:00:00,0.0,0.9253141948920636,50.142083989739234,0.9253141948920636
2024-02-05 23:00:00,0.0,1.586275095902095,48.55580889383714,1.586275095902095
2024-02-06 00:00:00,0.5055892418358746,2.244556554164145,93.42651980968499,1.7389673123282705
2024-02-06 01:00:00,3.306725925832879,1.2978012884080194,95.43544444710984,0.0
2024-02-06 02:00:00,2.4914294527201997,1.7848801785993236,96.14199372123072,0.0
2024-02-06 03:00:00,3.0239088562994807,1.450577399380347,97.71532517814985,0.0
2024-02-06 04:00:00,3.9000770046378004,0.23387695739015735,100.0,0.0
2024-02-06 05:00:00,4.545772795218904,1.5630889518309836,100.0,0.0
2024-02-06 06:00:00,3.7775251032217345,2.523431097859779,100.0,0.0
2024-02-06 07:00:00,3.188769286365721,1.2984620054674847,100.0,0.0
2024-02-06 08:00:00,5.455654917342489,1.0839693475750716,100.0,0.0
2024-02-06 09:00:00,2.2783118418096513,1.426487288284575,100.0,0.0
2024-02-06 10:00:00,2.840734482129549,1.6039012536766566,100.0,0.0
2024-02-06 11:00:00,0.0,1.2339157184364051,98.7660842815636,1.2339157184364051
2024-02-06 12:00:00,0.0,1.4613894773884772,97.30469480417511,1.4613894773884772
2024-02-06 13:00:00,0.0,1.709102877943986,95.59559192623112,1.709102877943986
2024-02-06 14:00:00,0.0,2.031970493780428,93.56362143245069,2.031970493780428
2024-02-06 15:00:00,0.0,2.192266023796953,91.37135540865374,2.192266023796953
2024-02-06 16:00:00,0.0,2.050661478867881,89.32069392978586,2.050661478867881
2024-02-06 17:00:00,0.0,2.173112878101374,87.14758105168448,2.173112878101374
2024-02-06 18:00:00,0.0,1.451042376778548,85.69653867490594,1.451042376778548
2024-02-06 19:00:00,0.0,1.944518561139946,83.752020113766,1.944518561139946
2024-02-06 20:00:00,0.0,0.861847791730832,82.89017232203516,0.861847791730832
2024-02-06 21:00:00,0.0,1.6463577410709267,81.24381458096423,1.6463577410709267
2024-02-06 22:00:00,0.0,1.192938717495842,80.05087586346839,1.192938717495842
2024-02-06 23:00:00,0.0,2.2943134640217977,77.7565623994466,2.2943134640217977
2024-02-07 00:00:00,0.0,1.6174889374081234,36.52432108816353,1.6174889374081234
2024-02-07 01:00:00,0.0,1.3949165461040494,35.12940454205948,1.3949165461040494
2024-02-07 02:00:00,1.4828169161939313,1.2259168220153769,35.38630463623804,0.0
2024-02-07 03:00:00,2.2901909387550354,1.4320726418058778,36.24442293318719,0.0
2024-02-07 04:00:00,3.750296374185776,0.25075320606427454,39.743966101308686,0.0
2024-02-07 05:00:00,1.4872704488184096,1.3306543300390623,39.90058222008803,0.0
2024-02-07 06:00:00,3.8022309552943856,1.5945556083019703,42.10825756708044,0.0
2024-02-07 07:00:00,3.136030950300049,1.5047325970113408,43.73955592036915,0.0
2024-02-07 08:00:00,3.5906248201558104,1.1327209515672643,46.197459788957694,0.0
2024-02-07 09:00:00,3.8418829464872912,1.5884931557275304,48.45084957971745,0.0
2024-02-07 10:00:00,2.54696109546329,1.5344228656419263,49.46338780953881,0.0
2024-02-07 11:00:00,3.1389492834718045,1.7981985345588267,50.80413855845178,0.0
2024-02-07 12:00:00,0.0,1.9104834421842003,48.89365511626758,1.9104834421842003
2024-02-07 13:00:00,0.0,1.559800131333552,47.33385498493403,1.559800131333552
2024-02-07 14:00:00,0.0,1.5655103810393491,45.768344603894676,1.5655103810393491
2024-02-07 15:00:00,0.0,0.9938633215814924,44.77448128231318,0.9938633215814924
2024-02-07 16:00:00,0.0,1.5510374581236919,43.22344382418949,1.5510374581236919
2024-02-07 17:00:00,0.0,2.3850838078236363,40.838360016365854,2.3850838078236363
2024-02-07 18:00:00,0.0,1.338281066227698,39.50007895013815,1.338281066227698
2024-02-07 19:00:00,0.0,1.7537104639166443,37.746368486221506,1.7537104639166443
2024-02-07 20:00:00,0.0,2.0671473969441063,35.6792210892774,2.0671473969441063
2024-02-07 21:00:00,0.0,1.216935705696216,34.46228538358118,1.216935705696216
2024-02-07 22:00:00,0.0,2.020094282396376,32.442191101184804,2.020094282396376
2024-02-07 23:00:00,0.0,2.822518395207579,29.619672705977223,2.822518395207579
2024-02-08 00:00:00,0.0,1.3216634329100643,92.47307925957989,1.3216634329100643
2024-02-08 01:00:00,2.2159170928622274,1.1863432770243485,93.50265307541777,0.0
2024-02-08 02:00:00,2.045222708999982,1.5255989509405428,94.0222768334772,0.0
2024-02-08 03:00:00,2.326642931934658,0.8137672260579496,95.53515253935392,0.0
2024-02-08 04:00:00,3.7870761187554227,1.4694980140723082,97.85273064403702,0.0
2024-02-08 05:00:00,4.363943774592843,1.2331998467804166,100.0,0.0
2024-02-08 06:00:00,5.220821298813048,1.0616131093940777,100.0,0.0
2024-02-08 07:00:00,5.575743589174166,0.6261817450858692,100.0,0.0
2024-02-08 08:00:00,3.8988716796946465,1.7377153412633117,100.0,0.0
2024-02-08 09:00:00,2.032870056805308,1.7121969689305063,100.0,0.0
2024-02-08 10:00:00,3.279518669760159,0.3915905803229678,100.0,0.0
2024-02-08 11:00:00,1.5380209879008988,0.25336458983496124,100.0,0.0
2024-02-08 12:00:00,0.0,2.3145831824504723,97.68541681754952,2.3145831824504723
2024-02-08 13:00:00,0.0,0.9130600177955137,96.77235679975401,0.9130600177955137
2024-02-08 14:00:00,0.0,2.533953169081776,94.23840363067224,2.533953169081776
2024-02-08 15:00:00,0.0,0.9743450441803277,93.26405858649191,0.9743450441803277
2024-02-08 16:00:00,0.0,2.428851171768866,90.83520741472304,2.428851171768866
2024-02-08 17:00:00,0.0,0.8804736487366788,89.95473376598636,0.8804736487366788
2024-02-08 18:00:00,0.0,2.2972211958745983,87.65751257011176,2.2972211958745983
2024-02-08 19:00:00,0.0,1.09379882553129,86.56371374458047,1.09379882553129
2024-02-08 20:00:00,0.0,1.4198199594775847,85.14389378510289,1.4198199594775847
2024-02-08 21:00:00,0.0,2.225500719065668,82.91839306603723,2.225500719065668
2024-02-08 22:00:00,0.0,0.9613119615076209,81.9570811045296,0.9613119615076209
2024-02-08 23:00:00,0.34122026960945173,1.6565660700065776,80.64173530413248,1.315345800397126
2024-02-09 00:00:00,0.0,2.720752171084734,76.08126272410112,2.720752171084734
2024-02-09 01:00:00,0.6371341698216129,1.1940389392941149,75.52435795462861,0.556904769472502
2024-02-09 02:00:00,3.809514918518606,0.762881360552295,78.57099151259492,0.0
2024-02-09 03:00:00,0.9810187402182748,1.5597784622992423,77.99223179051394,0.5787597220809675
2024-02-09 04:00:00,3.462365091862059,1.386056009224669,80.06854087315132,0.0
2024-02-09 05:00:00,4.857633062277925,1.0458969088557148,83.88027702657354,0.0
2024-02-09 06:00:00,4.0641671256246745,1.3199470236809066,86.6244971285173,0.0
2024-02-09 07:00:00,2.9724848050495223,1.4690799580196583,88.12790197554716,0.0
2024-02-09 08:00:00,4.316697418432858,2.560284060215251,89.88431533376476,0.0
2024-02-09 09:00:00,3.4078461076451596,0.24458249929927423,93.04757894211065,0.0
2024-02-09 10:00:00,1.9618599145583508,1.5249013954514163,93.48453746121757,0.0
2024-02-09 11:00:00,1.9714851899900339,1.5924051512448696,93.86361749996273,0.0
2024-02-09 12:00:00,1.253088917302077,1.6958353078076358,93.42087110945717,0.44274639050555886
2024-02-09 13:00:00,0.5235218890878055,1.2806270399758533,92.66376595856912,0.7571051508880478
2024-02-09 14:00:00,0.0,1.9133207676949482,90.75044519087416,1.9133207676949482
2024-02-09 15:00:00,0.0,1.104993598959462,89.64545159191469,1.104993598959462
2024-02-09 16:00:00,0.0,1.1253921914555387,88.52005940045916,1.1253921914555387
2024-02-09 17:00:00,0.0,0.5825959851827222,87.93746341527644,0.5825959851827222
2024-02-09 18:00:00,0.0,2.431373246178631,85.5060901690978,2.431373246178631
2024-02-09 19:00:00,0.0,1.600007425585874,83.90608274351193,1.600007425585874
2024-02-09 20:00:00,0.0,1.547062133894638,82.35902060961729,1.547062133894638
2024-02-09 21:00:00,0.0,0.7184552509197929,81.6405653586975,0.7184552509197929
2024-02-09 22:00:00,0.0,2.0912828635304357,79.54928249516706,2.0912828635304357
2024-02-09 23:00:00,0.0,1.9997095163389556,77.54957297882811,1.9997095163389556
2024-02-10 00:00:00,1.259233239786799,2.073220435200364,64.3532639192635,0.8139871954135649
2024-02-10 01:00:00,0.06189734238304834,2.00356666823658,62.411594593409966,1.9416693258535318
2024-02-10 02:00:00,2.3361449630262285,1.386261870023296,63.36147768641289,0.0
2024-02-10 03:00:00,2.00449163777419,1.140445274275407,64.22552404991167,0.0
2024-02-10 04:00:00,5.51391371092368,1.5003414094787413,68.23909635135661,0.0
2024-02-10 05:00:00,4.645833306687733,1.1045503091662234,71.78037934887811,0.0
2024-02-10 06:00:00,3.220147053778361,2.040992404624971,72.9595339980315,0.0
2024-02-10 07:00:00,2.514127093604741,1.2923931160473643,74.18126797558888,0.0
2024-02-10 08:00:00,3.498129026209987,1.5556863009200261,76.12371070087883,0.0
2024-02-10 09:00:00,2.649333839730034,1.6979098905479615,77.0751346500609,0.0
2024-02-10 10:00:00,2.6928557558178112,1.867318772729665,77.90067163314906,0.0
2024-02-10 11:00:00,0.04947237174225738,1.3579224510356014,76.59222155385571,1.308450079293344
2024-02-10 12:00:00,1.1947628618769381,1.9473235937869362,75.83966082194571,0.7525607319099981
2024-02-10 13:00:00,0.0,1.6757399501761008,74.16392087176962,1.6757399501761008
2024-02-10 14:00:00,0.0,1.5234674510301849,72.64045342073943,1.5234674510301849
2024-02-10 15:00:00,0.0,1.0260536413655068,71.61439977937393,1.0260536413655068
2024-02-10 16:00:00,0.0,1.8820148907864298,69.73238488858749,1.8820148907864298
2024-02-10 17:00:00,0.0,1.1836224850574806,68.54876240353,1.1836224850574806
2024-02-10 18:00:00,0.0,1.1828570761552983,67.3659053273747,1.1828570761552983
2024-02-10 19:00:00,0.0,1.8720928551575173,65.49381247221719,1.8720928551575173
2024-02-10 20:00:00,0.0,1.633409198147701,63.86040327406948,1.633409198147701
2024-02-10 21:00:00,0.0,1.6850305576344777,62.17537271643501,1.6850305576344777
2024-02-10 22:00:00,0.0,1.7289028049628923,60.446469911472114,1.7289028049628923
2024-02-10 23:00:00,0.0,1.4087155128102293,59.03775439866188,1.4087155128102293
2024-02-11 00:00:00,0.0,1.272983209840278,57.620909118550365,1.272983209840278
2024-02-11 01:00:00,2.0255146341152654,1.206517156453839,58.43990659621179,0.0
2024-02-11 02:00:00,1.6226579230521896,1.8586417905793877,58.20392272868459,0.23598386752719813
2024-02-11 03:00:00,2.263445213714114,1.7116061872285089,58.75576175517019,0.0
2024-02-11 04:00:00,3.795586877159513,1.5708829294805398,60.980465702849166,0.0
2024-02-11 05:00:00,2.7293069224497835,2.1148871122609685,61.59488551303799,0.0
2024-02-11 06:00:00,6.220683796583113,1.5044140691336974,66.3111552404874,0.0
2024-02-11 07:00:00,2.817348431785898,1.5145513541625113,67.61395231811079,0.0
2024-02-11 08:00:00,4.453961755723754,1.1924061621421964,70.87550791169235,0.0
2024-02-11 09:00:00,2.6995279406280006,1.6703270682060707,71.90470878411428,0.0
2024-02-11 10:00:00,3.2030478522059243,1.8877118665446873,73.22004476977551,0.0
2024-02-11 11:00:00,1.852144149942346,1.2868657216617874,73.78532319805608,0.0
2024-02-11 12:00:00,0.40191895517392345,1.1390183364374353,73.04822381679257,0.7370993812635118
2024-02-11 13:00:00,0.0,2.075609820392807,70.97261399639976,2.075609820392807
2024-02-11 14:00:00,0.0,1.3162947066025923,69.65631928979717,1.3162947066025923
2024-02-11 15:00:00,0.0,2.403258105331005,67.25306118446616,2.403258105331005
2024-02-11 16:00:00,0.0,2.024997083725284,65.22806410074088,2.024997083725284
2024-02-11 17:00:00,0.0,1.3329317757700787,63.8951323249708,1.3329317757700787
2024-02-11 18:00:00,0.0,1.6058001902942534,62.28933213467655,1.6058001902942534
2024-02-11 19:00:00,0.0,2.4032673357296668,59.88606479894688,2.4032673357296668
2024-02-11 20:00:00,0.0,2.6473842957738922,57.23868050317299,2.6473842957738922
2024-02-11 21:00:00,0.0,1.6889146106110788,55.549765892561915,1.6889146106110788
2024-02-11 22:00:00,0.0,1.6573531537772344,53.89241273878468,1.6573531537772344
2024-02-11 23:00:00,0.0,1.9686636459104385,51.92374909287424,1.9686636459104385
2024-02-12 00:00:00,0.8721970000729778,1.3424566344029456,75.29167364601398,0.47025963432996776
2024-02-12 01:00:00,0.4635301384540216,1.6663037551620987,74.08890002930589,1.2027736167080771
2024-02-12 02:00:00,2.933128072341069,1.3886396496116964,75.63338845203526,0.0
2024-02-12 03:00:00,3.8935990904605764,2.2263083727430897,77.30067916975275,0.0
2024-02-12 04:00:00,2.5477806960643345,1.08153964810186,78.76692021771522,0.0
2024-02-12 05:00:00,3.723328246250937,1.653806334094598,80.83644212987157,0.0
2024-02-12 06:00:00,3.475432986232949,2.176101339433572,82.13577377667094,0.0
2024-02-12 07:00:00,4.287770166674725,1.5197235241203697,84.9038204192253,0.0
2024-02-12 08:00:00,2.0281920912692275,0.8420920917862464,86.08992041870829,0.0
2024-02-12 09:00:00,3.1094363750279967,0.4337021869225819,88.7656546068137,0.0
2024-02-12 10:00:00,3.0126374096440713,1.4209230778138398,90.35736893864393,0.0
2024-02-12 11:00:00,4.278369150004817,2.6539581253080553,91.9817799633407,0.0
2024-02-12 12:00:00,0.0,1.4468314987343425,90.53494846460636,1.4468314987343425
2024-02-12 13:00:00,0.0,2.351586304959019,88.18336215964734,2.351586304959019
2024-02-12 14:00:00,0.0,0.6068122673226567,87.57654989232469,0.6068122673226567
2024-02-12 15:00:00,0.0,1.7913687915869323,85.78518110073776,1.7913687915869323
2024-02-12 16:00:00,0.0,2.034885727491925,83.75029537324583,2.034885727491925
2024-02-12 17:00:00,0.0,0.3419280685155617,83.40836730473028,0.3419280685155617
2024-02-12 18:00:00,0.0,1.0859018635173827,82.3224654412129,1.0859018635173827
2024-02-12 19:00:00,0.0,1.5725318729796909,80.7499335682332,1.5725318729796909
2024-02-12 20:00:00,0.0,1.4389714339393613,79.31096213429385,1.4389714339393613
2024-02-12 21:00:00,0.0,1.4203188839270466,77.8906432503668,1.4203188839270466
2024-02-12 22:00:00,0.0,0.8259764440299164,77.06466680633687,0.8259764440299164
2024-02-12 23:00:00,0.0,1.7606399525069072,75.30402685382997,1.7606399525069072
2024-02-13 00:00:00,0.1494194735091969,1.3558038998498505,28.422701670458235,1.2063844263406536
2024-02-13 01:00:00,0.9153349067836104,1.8702035611886185,27.467833016053227,0.9548686544050081
2024-02-13 02:00:00,2.0339007841254597,0.9790762272797356,28.52265757289895,0.0
2024-02-13 03:00:00,1.5949295408012865,0.7551812892819454,29.36240582441829,0.0
2024-02-13 04:00:00,4.919682433627108,1.9037309178062225,32.37835734023918,0.0
2024-02-13 05:00:00,3.757215421975726,1.273103757417958,34.86246900479695,0.0
2024-02-13 06:00:00,3.4260699920326423,2.046618553791105,36.24192044303849,0.0
2024-02-13 07:00:00,5.768136813331014,1.1973035380362305,40.81275371833327,0.0
2024-02-13 08:00:00,4.602517135793464,1.5140064576794445,43.90126439644729,0.0
2024-02-13 09:00:00,2.615998194835724,2.2521071414149616,44.265155449868054,0.0
2024-02-13 10:00:00,1.9898342792572228,1.648182219627318,44.60680750949796,0.0
2024-02-13 11:00:00,1.28355011332153,0.6872003166702741,45.20315730614922,0.0
2024-02-13 12:00:00,0.2884111487160621,1.2186539877798837,44.27291446708541,0.9302428390638215
2024-02-13 13:00:00,0.0,1.2414314597756189,43.03148300730979,1.2414314597756189
2024-02-13 14:00:00,0.0,2.0149412695651656,41.016541737744625,2.0149412695651656
2024-02-13 15:00:00,0.0,1.1050762804753727,39.91146545726925,1.1050762804753727
2024-02-13 16:00:00,0.0,0.8371031143228762,39.07436234294637,0.8371031143228762
2024-02-13 17:00:00,0.0,0.6677616323333889,38.406600710612985,0.6677616323333889
2024-02-13 18:00:00,0.0,1.3493184397799072,37.05728227083308,1.3493184397799072
2024-02-13 19:00:00,0.0,1.958005159895545,35.099277110937535,1.958005159895545
2024-02-13 20:00:00,0.0,1.3440064956759978,33.75527061526154,1.3440064956759978
2024-02-13 21:00:00,0.0,0.9707481395020938,32.784522475759445,0.9707481395020938
2024-02-13 22:00:00,0.0,1.2537548045831672,31.530767671176278,1.2537548045831672
2024-02-13 23:00:00,0.0,1.64431607544919,29.886451595727088,1.64431607544919
2024-02-14 00:00:00,0.18106274277108234,2.151639018658032,68.82195645636607,1.9705762758869496
2024-02-14 01:00:00,1.6214419808028664,1.2937930908917599,69.14960534627718,0.0
2024-02-14 02:00:00,2.257198970355927,1.3796674127348936,70.02713690389822,0.0
2024-02-14 03:00:00,2.836307309440918,1.3371944739257482,71.52624973941339,0.0
2024-02-14 04:00:00,3.299766409252363,1.6060466765370875,73.21996947212865,0.0
2024-02-14 05:00:00,2.8703446055743225,0.9920605865050108,75.09825349119797,0.0
2024-02-14 06:00:00,2.6114574461687887,0.699864447748145,77.00984648961861,0.0
2024-02-14 07:00:00,2.6464206129357937,1.5797312534020647,78.07653584915235,0.0
2024-02-14 08:00:00,2.571314099645871,1.7568072321155481,78.89104271668268,0.0
2024-02-14 09:00:00,2.863140873498752,0.5157478932809731,81.23843569690045,0.0
2024-02-14 10:00:00,2.6549755842216896,1.905399322795855,81.98801195832628,0.0
2024-02-14 11:00:00,0.041413505575230714,1.7100957714474958,80.31932969245402,1.668682265872265
2024-02-14 12:00:00,0.0,1.5488351883741678,78.77049450407985,1.5488351883741678
2024-02-14 13:00:00,0.0,0.6034467737327116,78.16704773034714,0.6034467737327116
2024-02-14 14:00:00,0.0,1.438135526862582,76.72891220348455,1.438135526862582
2024-02-14 15:00:00,0.0,0.9079847208887203,75.82092748259583,0.9079847208887203
2024-02-14 16:00:00,0.0,1.634647376290367,74.18628010630547,1.634647376290367
2024-02-14 17:00:00,0.0,1.5912505152996066,72.59502959100587,1.5912505152996066
2024-02-14 18:00:00,0.0,2.08585895735808,70.50917063364778,2.08585895735808
2024-02-14 19:00:00,0.0,1.7437801485433593,68.76539048510442,1.7437801485433593
2024-02-14 20:00:00,0.0,1.7404540463744478,67.02493643872997,1.7404540463744478
2024-02-14 21:00:00,0.0,1.2358514766685105,65.78908496206145,1.2358514766685105
2024-02-14 22:00:00,0.0,0.7885125373691635,65.0005724246923,0.7885125373691635
2024-02-14 23:00:00,0.0,1.3012211172541392,63.69935130743816,1.3012211172541392
2024-02-15 00:00:00,0.0,2.0908806978307473,65.62648533525275,2.0908806978307473
2024-02-15 01:00:00,0.7571569500988449,1.3314059311044135,65.05223635424719,0.5742489810055686
2024-02-15 02:00:00,1.2187032931769413,0.9875038430906186,65.28343580433351,0.0
2024-02-15 03:00:00,4.011750935189347,2.33695079437103,66.95823594515181,0.0
2024-02-15 04:00:00,2.4789072123504066,2.20247116460906,67.23467199289315,0.0
2024-02-15 05:00:00,3.376313888866168,1.7668239976844435,68.84416188407488,0.0
2024-02-15 06:00:00,5.410213804814408,1.427461702148184,72.8269139867411,0.0
2024-02-15 07:00:00,3.535761384888914,1.900540481894093,74.46213488973592,0.0
2024-02-15 08:00:00,2.3541487781015062,2.073530688920215,74.74275297891721,0.0
2024-02-15 09:00:00,2.9712365171887734,1.2111247459229115,76.50286475018306,0.0
2024-02-15 10:00:00,1.3958323966841453,0.8082687440858171,77.09042840278138,0.0
2024-02-15 11:00:00,0.49910401378609437,1.3679811190027995,76.22155129756467,0.8688771052167051
2024-02-15 12:00:00,0.0,1.4772675119354979,74.74428378562918,1.4772675119354979
2024-02-15 13:00:00,0.0,1.3932639320002906,73.35101985362888,1.3932639320002906
2024-02-15 14:00:00,0.0,1.0964300085103318,72.25458984511855,1.0964300085103318
2024-02-15 15:00:00,0.0,1.560907352887429,70.69368249223112,1.560907352887429
2024-02-15 16:00:00,0.0,2.7071086561193667,67.98657383611175,2.7071086561193667
2024-02-15 17:00:00,0.0,1.285468061549271,66.70110577456248,1.285468061549271
2024-02-15 18:00:00,0.0,1.7978511250877574,64.90325464947472,1.7978511250877574
2024-02-15 19:00:00,0.0,1.1735957579150984,63.72965889155962,1.1735957579150984
2024-02-15 20:00:00,0.0,1.4320363550721165,62.29762253648751,1.4320363550721165
2024-02-15 21:00:00,0.0,2.254728846703845,60.04289368978367,2.254728846703845
2024-02-15 22:00:00,0.0,0.6650661666631347,59.37782752312053,0.6650661666631347
2024-02-15 23:00:00,0.0,1.0836473906972737,58.29418013242326,1.0836473906972737
2024-02-16 00:00:00,0.0,1.0548410759900642,92.48180140830794,1.0548410759900642
2024-02-16 01:00:00,0.9711984162613663,1.7681454547585949,91.68485436981072,0.7969470384972286
2024-02-16 02:00:00,0.0,1.4189380122600708,90.26591635755065,1.4189380122600708
2024-02-16 03:00:00,2.9714758946251423,1.9248059942581066,91.31258625791769,0.0
2024-02-16 04:00:00,4.156959199375191,1.7912856594044027,93.67825979788847,0.0
2024-02-16 05:00:00,3.063762798454339,0.5459989314383462,96.19602366490446,0.0
2024-02-16 06:00:00,3.606947242938599,2.00081591260428,97.80215499523878,0.0
2024-02-16 07:00:00,5.257157832680704,1.8552745511488926,100.0,0.0
2024-02-16 08:00:00,3.8934424379394894,1.6898198241929827,100.0,0.0
2024-02-16 09:00:00,2.27230837798541,1.43496985322319,100.0,0.0
2024-02-16 10:00:00,3.669069525826331,1.0287209971040618,100.0,0.0
2024-02-16 11:00:00,2.6500549711199355,1.3389859227539709,100.0,0.0
2024-02-16 12:00:00,1.325432109095079,0.7965924952512309,100.0,0.0
2024-02-16 13:00:00,0.0,1.131614932026189,98.8683850679738,1.131614932026189
2024-02-16 14:00:00,0.0,1.609267021205473,97.25911804676834,1.609267021205473
2024-02-16 15:00:00,0.0,1.077529280703252,96.18158876606509,1.077529280703252
2024-02-16 16:00:00,0.0,1.4540776178325225,94.72751114823257,1.4540776178325225
2024-02-16 17:00:00,0.0,1.7741598137772494,92.95335133445532,1.7741598137772494
2024-02-16 18:00:00,0.0,1.470292409363753,91.48305892509157,1.470292409363753
2024-02-16 19:00:00,0.0,1.6121173722676458,89.87094155282392,1.6121173722676458
2024-02-16 20:00:00,0.0,0.694216320448586,89.17672523237533,0.694216320448586
2024-02-16 21:00:00,0.0,1.331806527294432,87.8449187050809,1.331806527294432
2024-02-16 22:00:00,0.0,1.731241812033427,86.11367689304747,1.731241812033427
2024-02-16 23:00:00,0.0,1.5861271932055188,84.52754969984196,1.5861271932055188
2024-02-17 00:00:00,1.5187183527167938,1.8291962559612451,77.93883708364885,0.31047790324445135
2024-02-17 01:00:00,0.0,1.9321218073671131,76.00671527628174,1.9321218073671131
2024-02-17 02:00:00,1.4286257475827229,1.5982817738212323,75.83705925004324,0.1696560262385094
2024-02-17 03:00:00,3.8364311290394495,1.225197707667583,78.4482926714151,0.0
2024-02-17 04:00:00,1.8185090010959404,2.252772595952914,78.01402907655813,0.4342635948569735
2024-02-17 05:00:00,5.028286776358221,1.456371993408527,81.58594385950782,0.0
2024-02-17 06:00:00,4.853421451492115,1.3153066339681578,85.12405867703177,0.0
2024-02-17 07:00:00,3.960673481917123,1.42785602868163,87.65687613026726,0.0
2024-02-17 08:00:00,3.135157529780453,1.6796512900428775,89.11238237000484,0.0
2024-02-17 09:00:00,1.6202483011006021,1.3742095846172104,89.35842108648824,0.0
2024-02-17 10:00:00,2.314479472483405,2.419050353980818,89.25385020499081,0.10457088149741312
2024-02-17 11:00:00,0.0,1.7602765288662137,87.4935736761246,1.7602765288662137
2024-02-17 12:00:00,0.6301487764278618,0.5616406346586317,87.56208181789383,0.0
2024-02-17 13:00:00,0.0,1.9401425394918905,85.62193927840194,1.9401425394918905
2024-02-17 14:00:00,0.0,1.4580363725636623,84.16390290583827,1.4580363725636623
2024-02-17 15:00:00,0.0,1.584922348624515,82.57898055721375,1.584922348624515
2024-02-17 16:00:00,0.0,1.596660162377233,80.98232039483652,1.596660162377233
2024-02-17 17:00:00,0.0,1.1475889145010085,79.8347314803355,1.1475889145010085
2024-02-17 18:00:00,0.0,2.1263078598097787,77.70842362052572,2.1263078598097787
2024-02-17 19:00:00,0.0,1.6733180982829194,76.0351055222428,1.6733180982829194
2024-02-17 20:00:00,0.0,0.7519004229619991,75.2832050992808,0.7519004229619991
2024-02-17 21:00:00,0.0,1.5620363628597467,73.72116873642106,1.5620363628597467
2024-02-17 22:00:00,0.0,1.6897751523061149,72.03139358411495,1.6897751523061149
2024-02-17 23:00:00,0.08097021010803918,2.2540237957095766,69.85833999851342,2.1730535856015374
2024-02-18 00:00:00,3.152056734512085,0.938252983380201,70.4113373877132,0.0
2024-02-18 01:00:00,1.2781581935603579,0.45895064840550637,71.23054493286806,0.0
2024-02-18 02:00:00,2.553149156379209,1.2258998509166137,72.55779423833064,0.0
2024-02-18 03:00:00,4.751872919571143,1.112692514990709,76.19697464291107,0.0
2024-02-18 04:00:00,1.7749185771704927,1.2643681296487401,76.70752509043282,0.0
2024-02-18 05:00:00,1.8882155339391358,1.875549727253655,76.7201908971183,0.0
2024-02-18 06:00:00,1.9349169537436794,1.5142287905915794,77.14087906027041,0.0
2024-02-18 07:00:00,1.7858914853000765,1.339851097731679,77.5869194478388,0.0
2024-02-18 08:00:00,5.107479770942289,1.6803239457178976,81.01407527306318,0.0
2024-02-18 09:00:00,1.9649335197812563,1.484398255530458,81.49461053731397,0.0
2024-02-18 10:00:00,2.0180168720444462,1.7363151729217028,81.77631223643671,0.0
2024-02-18 11:00:00,0.0,1.7962836369236652,79.98002859951305,1.7962836369236652
2024-02-18 12:00:00,0.0,1.1850577238180948,78.79497087569496,1.1850577238180948
2024-02-18 13:00:00,0.0,1.8166634130356192,76.97830746265934,1.8166634130356192
2024-02-18 14:00:00,0.0,0.7972184730718567,76.1810889895875,0.7972184730718567
2024-02-18 15:00:00,0.0,1.5993400047737034,74.58174898481379,1.5993400047737034
2024-02-18 16:00:00,0.0,1.2104379451821268,73.37131103963166,1.2104379451821268
2024-02-18 17:00:00,0.0,1.8480839985796444,71.52322704105202,1.8480839985796444
2024-02-18 18:00:00,0.0,1.4559543779854633,70.06727266306656,1.4559543779854633
2024-02-18 19:00:00,0.0,0.7881586815580385,69.27911398150852,0.7881586815580385
2024-02-18 20:00:00,0.0,1.8917948323993032,67.38731914910922,1.8917948323993032
2024-02-18 21:00:00,0.0,1.34088123612869,66.04643791298052,1.34088123612869
2024-02-18 22:00:00,0.0,1.3700999296162437,64.67633798336428,1.3700999296162437
2024-02-18 23:00:00,0.5632619316862553,1.9010642293090596,63.338535685741476,1.3378022976228043
2024-02-19 00:00:00,0.0,2.574241424574388,40.24222278985874,2.574241424574388
2024-02-19 01:00:00,2.6562521466594715,1.4434598320568823,41.455015104461324,0.0
2024-02-19 02:00:00,1.0364165554699585,0.9225670101627084,41.56886464976857,0.0
2024-02-19 03:00:00,3.70205562682072,1.4847986167347507,43.786121659854544,0.0
2024-02-19 04:00:00,4.390968500889713,2.60211448464782,45.574975676096436,0.0
2024-02-19 05:00:00,3.0933203664401496,0.884930878120956,47.78336516441563,0.0
2024-02-19 06:00:00,4.192560234532626,2.0723798057261487,49.903545593222105,0.0
2024-02-19 07:00:00,2.923243015370516,1.517312369379623,51.309476239213,0.0
2024-02-19 08:00:00,4.834145276308745,0.6835610807548138,55.46006043476693,0.0
2024-02-19 09:00:00,3.06374508618529,1.2299484532006075,57.29385706775162,0.0
2024-02-19 10:00:00,2.1241565909713027,1.8548921452918439,57.56312151343108,0.0
2024-02-19 11:00:00,1.2560846882981753,0.9948887989440724,57.82431740278518,0.0
2024-02-19 12:00:00,0.0,2.213296490162233,55.61102091262294,2.213296490162233
2024-02-19 13:00:00,0.0,1.9201595637924243,53.690861348830516,1.9201595637924243
2024-02-19 14:00:00,0.0,1.90455803412096,51.786303314709556,1.90455803412096
2024-02-19 15:00:00,0.0,1.1162441766162823,50.67005913809327,1.1162441766162823
2024-02-19 16:00:00,0.0,2.063687005222778,48.6063721328705,2.063687005222778
2024-02-19 17:00:00,0.0,1.212027594288136,47.39434453858236,1.212027594288136
2024-02-19 18:00:00,0.0,2.309912302491324,45.08443223609103,2.309912302491324
2024-02-19 19:00:00,0.0,0.8379565850670566,44.24647565102398,0.8379565850670566
2024-02-19 20:00:00,0.0,1.377060622124783,42.8694150288992,1.377060622124783
2024-02-19 21:00:00,0.0,1.4476040415526361,41.42181098734656,1.4476040415526361
2024-02-19 22:00:00,0.0,1.3191837381914207,40.10262724915514,1.3191837381914207
2024-02-19 23:00:00,0.0,2.235696774174402,37.86693047498074,2.235696774174402
2024-02-20 00:00:00,1.3111674978026244,1.3878405145609476,65.15660216344472,0.07667301675832316
2024-02-20 01:00:00,1.8948610527536391,1.5399007420293664,65.511562474169,0.0
2024-02-20 02:00:00,3.139555536025469,1.3063190177235944,67.34479899247087,0.0
2024-02-20 03:00:00,1.7298066995683776,2.2102521436355316,66.86435354840371,0.48044544406715395
2024-02-20 04:00:00,3.3506209692556133,1.6107792368121052,68.60419528084722,0.0
2024-02-20 05:00:00,5.098455219201068,0.9840223789527826,72.7186281210955,0.0
2024-02-20 06:00:00,4.595490897639257,1.2050526217685547,76.1090663969662,0.0
2024-02-20 07:00:00,3.7315339495119013,1.5361394826921444,78.30446086378595,0.0
2024-02-20 08:00:00,1.9638797536908192,1.1105814785897827,79.15775913888699,0.0
2024-02-20 09:00:00,4.179500017159329,1.9430955942923978,81.39416356175391,0.0
2024-02-20 10:00:00,1.937360422672765,1.6215617292564466,81.70996225517024,0.0
2024-02-20 11:00:00,0.7410336747736264,2.178291692913991,80.27270423702988,1.4372580181403645
2024-02-20 12:00:00,0.0,1.615921046067424,78.65678319096246,1.615921046067424
2024-02-20 13:00:00,0.11075396373198187,1.1113142575770467,77.65622289711739,1.0005602938450648
2024-02-20 14:00:00,0.0,0.7347692951283116,76.92145360198907,0.7347692951283116
2024-02-20 15:00:00,0.0,1.3136622080240128,75.60779139396506,1.3136622080240128
2024-02-20 16:00:00,0.0,0.5549949144085286,75.05279647955653,0.5549949144085286
2024-02-20 17:00:00,0.0,0.9800967344865579,74.07269974506998,0.9800967344865579
2024-02-20 18:00:00,0.0,1.43134451710556,72.64135522796443,1.43134451710556
2024-02-20 19:00:00,0.0,1.6038016757003128,71.03755355226411,1.6038016757003128
2024-02-20 20:00:00,0.0,0.9522403055772188,70.0853132466869,0.9522403055772188
2024-02-20 21:00:00,0.0,2.399362509175656,67.68595073751123,2.399362509175656
2024-02-20 22:00:00,0.0,2.3281041260286477,65.35784661148259,2.3281041260286477
2024-02-20 23:00:00,0.0,1.501143968071752,63.856702643410834,1.501143968071752
2024-02-21 00:00:00,0.0,1.5492491740123404,73.78835995676276,1.5492491740123404
2024-02-21 01:00:00,1.189324258111855,1.4788157947291636,73.49886842014546,0.28949153661730853
2024-02-21 02:00:00,2.0665925717516678,0.14337868291829414,75.42208230897883,0.0
2024-02-21 03:00:00,3.0846489608281678,1.7417199459650194,76.76501132384197,0.0
2024-02-21 04:00:00,4.8021270177666056,1.6843690296384652,79.88276931197012,0.0
2024-02-21 05:00:00,3.732966238443035,2.052470961115486,81.56326458929767,0.0
2024-02-21 06:00:00,1.6426657754005212,1.2425257346864282,81.96340463001177,0.0
2024-02-21 07:00:00,3.0978933250975618,1.4827391000843444,83.57855885502498,0.0
2024-02-21 08:00:00,1.2654088029085906,2.159817831121859,82.68414982681172,0.8944090282132686
2024-02-21 09:00:00,2.578617225061944,1.659398345579467,83.6033687062942,0.0
2024-02-21 10:00:00,2.223091225059894,2.131244947438475,83.69521498391562,0.0
2024-02-21 11:00:00,0.0,1.556160582734906,82.13905440118072,1.556160582734906
2024-02-21 12:00:00,1.1461782607048607,1.4510067766396544,81.83422588524591,0.30482851593479365
2024-02-21 13:00:00,0.0,1.1980549421721072,80.63617094307381,1.1980549421721072
2024-02-21 14:00:00,0.0,1.1394749852385053,79.4966959578353,1.1394749852385053
2024-02-21 15:00:00,0.0,2.254123701592501,77.2425722562428,2.254123701592501
2024-02-21 16:00:00,0.0,1.2561630128605004,75.9864092433823,1.2561630128605004
2024-02-21 17:00:00,0.0,1.412589818018062,74.57381942536423,1.412589818018062
2024-02-21 18:00:00,0.0,1.4694057811104893,73.10441364425374,1.4694057811104893
2024-02-21 19:00:00,0.0,1.9878391727190765,71.11657447153466,1.9878391727190765
2024-02-21 20:00:00,0.0,1.9911597413777216,69.12541473015693,1.9911597413777216
2024-02-21 21:00:00,0.0,0.9460291645425021,68.17938556561442,0.9460291645425021
2024-02-21 22:00:00,0.0,2.4671942639542648,65.71219130166016,2.4671942639542648
2024-02-21 23:00:00,0.0,1.968252058365244,63.74393924329491,1.968252058365244
2024-02-22 00:00:00,0.0,1.2520609139949253,61.591336933828934,1.2520609139949253
2024-02-22 01:00:00,2.1325763679537917,0.7171759841972019,63.00673731758552,0.0
2024-02-22 02:00:00,0.0,1.7855897031096044,61.22114761447591,1.7855897031096044
2024-02-22 03:00:00,3.072084348448904,0.9548957966002851,63.33833616632454,0.0
2024-02-22 04:00:00,2.4785620144168243,1.0151281401826628,64.8017700405587,0.0
2024-02-22 05:00:00,3.9742386226302133,1.1868423619084965,67.58916630128041,0.0
2024-02-22 06:00:00,4.494063918975519,0.07268666854780448,72.01054355170812,0.0
2024-02-22 07:00:00,3.006851440028474,0.9369730195444749,74.08042197219211,0.0
2024-02-22 08:00:00,3.207760936765263,1.2309761207549308,76.05720678820245,0.0
2024-02-22 09:00:00,3.626270904641957,0.5703316141699712,79.11314607867443,0.0
2024-02-22 10:00:00,2.045491476330752,1.7791682116058527,79.37946934339934,0.0
2024-02-22 11:00:00,2.891923616972039,1.2591170144532624,81.0122759459181,0.0
2024-02-22 12:00:00,0.32445860435251755,0.5980686037188175,80.7386659465518,0.2736099993663
2024-02-22 13:00:00,0.0,1.92238718789085,78.81627875866096,1.92238718789085
2024-02-22 14:00:00,0.0,2.089256344899211,76.72702241376174,2.089256344899211
2024-02-22 15:00:00,0.0,1.7599510697643763,74.96707134399738,1.7599510697643763
2024-02-22 16:00:00,0.0,1.709852804178633,73.25721853981874,1.709852804178633
2024-02-22 17:00:00,0.0,1.504278040412175,71.75294049940656,1.504278040412175
2024-02-22 18:00:00,0.0,2.177786467855174,69.57515403155139,2.177786467855174
2024-02-22 19:00:00,0.0,1.7522416281915085,67.82291240335988,1.7522416281915085
2024-02-22 20:00:00,0.0,0.9102701677461098,66.91264223561377,0.9102701677461098
2024-02-22 21:00:00,0.0,1.3263488555210785,65.5862933800927,1.3263488555210785
2024-02-22 22:00:00,0.0,1.460884670470741,64.12540870962195,1.460884670470741
2024-02-22 23:00:00,0.0,1.9460337998658603,62.17937490975609,1.9460337998658603
2024-02-23 00:00:00,0.0,1.1394077215742722,83.65889177310352,1.1394077215742722
2024-02-23 01:00:00,0.0,1.5161651163977874,82.14272665670573,1.5161651163977874
2024-02-23 02:00:00,0.0,1.795707754643193,80.34701890206254,1.795707754643193
2024-02-23 03:00:00,2.900308060465065,1.73571993324742,81.51160702928019,0.0
2024-02-23 04:00:00,4.5211178980858895,1.5993972941694268,84.43332763319665,0.0
2024-02-23 05:00:00,5.495275042811029,1.810972905476105,88.11762977053158,0.0
2024-02-23 06:00:00,3.24287315318395,1.3811444789270606,89.97935844478847,0.0
2024-02-23 07:00:00,1.6024122784061365,1.048904779763917,90.53286594343069,0.0
2024-02-23 08:00:00,3.0831052092043647,1.773136804778833,91.84283434785623,0.0
2024-02-23 09:00:00,2.0780660962043793,0.8768679930327847,93.04403245102782,0.0
2024-02-23 10:00:00,0.11246809699187388,1.2017912407033409,91.95470930731635,1.089323143711467
2024-02-23 11:00:00,2.9861279827780134,1.6355535174485163,93.30528377264585,0.0
2024-02-23 12:00:00,0.9395794123551794,1.0499728836678752,93.19489030133315,0.11039347131269583
2024-02-23 13:00:00,0.0,0.8894612679559663,92.30542903337718,0.8894612679559663
2024-02-23 14:00:00,0.0,0.5029355782603717,91.8024934551168,0.5029355782603717
2024-02-23 15:00:00,0.0,1.2068196570143532,90.59567379810245,1.2068196570143532
2024-02-23 16:00:00,0.0,0.43815849133758533,90.15751530676486,0.43815849133758533
2024-02-23 17:00:00,0.0,1.5229357224422824,88.63457958432258,1.5229357224422824
2024-02-23 18:00:00,0.0,0.9447871253737787,87.6897924589488,0.9447871253737787
2024-02-23 19:00:00,0.0,2.264652097243443,85.42514036170536,2.264652097243443
2024-02-23 20:00:00,0.0,1.19503185277667,84.2301085089287,1.19503185277667
2024-02-23 21:00:00,0.0,1.1711063053522115,83.05900220357648,1.1711063053522115
2024-02-23 22:00:00,0.0,1.841630194751663,81.21737200882482,1.841630194751663
2024-02-23 23:00:00,0.0,2.1025478267250146,79.11482418209981,2.1025478267250146
2024-02-24 00:00:00,1.2066081548639151,0.7364160717051762,37.877227277690295,0.0
2024-02-24 01:00:00,0.0,1.5631338681170341,36.31409340957326,1.5631338681170341
2024-02-24 02:00:00,1.0153452151527373,1.1037382764423938,36.2257003482836,0.0883930612896564
2024-02-24 03:00:00,2.404828543018013,0.8171912979049253,37.81333759339669,0.0
2024-02-24 04:00:00,2.489979768921386,1.8517139583936544,38.45160340392442,0.0
2024-02-24 05:00:00,2.5563335229253092,0.7010639327525812,40.30687299409715,0.0
2024-02-24 06:00:00,3.3699750204661054,1.865977751254923,41.81087026330833,0.0
2024-02-24 07:00:00,3.6667814971593837,1.2677094609421908,44.20994229952552,0.0
2024-02-24 08:00:00,3.5084604126533625,0.627146283570174,47.09125642860871,0.0
2024-02-24 09:00:00,3.323132778521223,1.691717515701822,48.722671691428104,0.0
2024-02-24 10:00:00,1.5906915259042784,2.0029622558982085,48.31040096143417,0.4122707299939301
2024-02-24 11:00:00,0.0,2.0639544966267844,46.246446464807384,2.0639544966267844
2024-02-24 12:00:00,0.15449366559525163,1.3317237050609134,45.06921642534172,1.1772300394656618
2024-02-24 13:00:00,0.0,1.4463676170945292,43.62284880824719,1.4463676170945292
2024-02-24 14:00:00,0.0,0.9616604362644933,42.661188371982696,0.9616604362644933
2024-02-24 15:00:00,0.0,2.01815144603624,40.643036925946454,2.01815144603624
2024-02-24 16:00:00,0.0,1.9502665386657958,38.69277038728066,1.9502665386657958
2024-02-24 17:00:00,0.0,1.2991024865291831,37.393667900751474,1.2991024865291831
2024-02-24 18:00:00,0.0,0.9231538593300708,36.4705140414214,0.9231538593300708
2024-02-24 19:00:00,0.0,1.5997119929933836,34.87080204842802,1.5997119929933836
2024-02-24 20:00:00,0.0,1.1772139639823025,33.693588084445715,1.1772139639823025
2024-02-24 21:00:00,0.0,1.7516260323747523,31.941962052070963,1.7516260323747523
2024-02-24 22:00:00,0.0,1.3413247538787325,30.60063729819223,1.3413247538787325
2024-02-24 23:00:00,0.0,1.5959488679365181,29.00468843025571,1.5959488679365181
2024-02-25 00:00:00,0.324258796035197,2.639121535291138,63.22953601372022,2.314862739255941
2024-02-25 01:00:00,0.0,1.4585696637320422,61.77096634998818,1.4585696637320422
2024-02-25 02:00:00,2.0174554652526555,0.8279485919087932,62.96047322333204,0.0
2024-02-25 03:00:00,1.6746943340219043,1.0774356945867,63.55773186276724,0.0
2024-02-25 04:00:00,2.364454321088492,1.446002674918066,64.47618350893767,0.0
2024-02-25 05:00:00,3.2607384050041137,1.6589541920478375,66.07796772189394,0.0
2024-02-25 06:00:00,4.6494304662030626,1.7908894798594446,68.93650870823755,0.0
2024-02-25 07:00:00,3.453577059971517,1.642237814732236,70.74784795347684,0.0
2024-02-25 08:00:00,4.499230531314488,1.7227822906387449,73.52429619415258,0.0
2024-02-25 09:00:00,4.68740481918961,1.991089493383344,76.22061151995885,0.0
2024-02-25 10:00:00,3.7184070726484615,0.25382843603496763,79.68519015657235,0.0
2024-02-25 11:00:00,1.1319523015503163,1.3380337495238908,79.47910870859877,0.20608144797357442
2024-02-25 12:00:00,0.0,1.0975202899479304,78.38158841865084,1.0975202899479304
2024-02-25 13:00:00,0.0,0.5958217837912937,77.78576663485954,0.5958217837912937
2024-02-25 14:00:00,0.0,1.1141443899097299,76.67162224494982,1.1141443899097299
2024-02-25 15:00:00,0.0,1.719250884782869,74.95237136016695,1.719250884782869
2024-02-25 16:00:00,0.0,2.026960455703227,72.92541090446372,2.026960455703227
2024-02-25 17:00:00,0.0,1.4596471738914363,71.46576373057228,1.4596471738914363
2024-02-25 18:00:00,0.0,1.6805998718756991,69.78516385869658,1.6805998718756991
2024-02-25 19:00:00,0.0,2.054021429191617,67.73114242950496,2.054021429191617
2024-02-25 20:00:00,0.0,1.1915845614388645,66.5395578680661,1.1915845614388645
2024-02-25 21:00:00,0.0,1.4252842569944553,65.11427361107164,1.4252842569944553
2024-02-25 22:00:00,0.0,1.684886718557528,63.42938689251411,1.684886718557528
2024-02-25 23:00:00,0.0,1.6691920134055709,61.76019487910854,1.6691920134055709
2024-02-26 00:00:00,0.8396638644311888,0.8212412300790325,78.89205514426806,0.0
2024-02-26 01:00:00,0.13460479789760282,1.0178999642883777,78.00875997787729,0.8832951663907749
2024-02-26 02:00:00,3.0800560591393102,1.9713942570700378,79.11742177994657,0.0
2024-02-26 03:00:00,3.3157323617911847,2.0359649326058986,80.39718920913187,0.0
2024-02-26 04:00:00,2.5848188327257664,1.6742975599304901,81.30771048192715,0.0
2024-02-26 05:00:00,3.738528876773109,1.923441051942457,83.12279830675779,0.0
2024-02-26 06:00:00,3.8847757674478025,1.3075285557949594,85.70004551841063,0.0
2024-02-26 07:00:00,4.404611823717263,1.9380845835956164,88.16657275853228,0.0
2024-02-26 08:00:00,2.7957564202909535,1.469462164323812,89.49286701449942,0.0
2024-02-26 09:00:00,1.7699864911045375,0.2509694912535303,91.01188401435043,0.0
2024-02-26 10:00:00,2.200459631413729,1.804452678127316,91.40789096763683,0.0
2024-02-26 11:00:00,1.2973429894968096,0.5252191411228164,92.18001481601083,0.0
2024-02-26 12:00:00,0.0,0.3908261199744594,91.78918869603636,0.3908261199744594
2024-02-26 13:00:00,0.33442492724410156,0.956972708940957,91.16664091433951,0.6225477816968554
2024-02-26 14:00:00,0.0,1.9729348218420728,89.19370609249744,1.9729348218420728
2024-02-26 15:00:00,0.0,0.9336075243661275,88.26009856813131,0.9336075243661275
2024-02-26 16:00:00,0.0,1.0778379814084644,87.18226058672285,1.0778379814084644
2024-02-26 17:00:00,0.0,1.2585862045965408,85.92367438212631,1.2585862045965408
2024-02-26 18:00:00,0.0,0.3847659904377705,85.53890839168854,0.3847659904377705
2024-02-26 19:00:00,0.0,1.2192211268346873,84.31968726485385,1.2192211268346873
2024-02-26 20:00:00,0.0,1.8479319195468926,82.47175534530696,1.8479319195468926
2024-02-26 21:00:00,0.0,1.3637276393190954,81.10802770598787,1.3637276393190954
2024-02-26 22:00:00,0.0,1.7500715165569418,79.35795618943092,1.7500715165569418
2024-02-26 23:00:00,0.0,1.6115765273738485,77.74637966205708,1.6115765273738485
2024-02-27 00:00:00,0.0,2.089474199618334,26.060826931546192,2.089474199618334
2024-02-27 01:00:00,1.6320348267119322,0.4881730109939164,27.20468874726421,0.0
2024-02-27 02:00:00,2.2004515043403168,1.340415042698703,28.064725208905827,0.0
2024-02-27 03:00:00,1.5547097240207404,1.667510647901051,27.951924285025516,0.11280092388031071
2024-02-27 04:00:00,2.9723637663470273,1.2572329806802511,29.667055070692292,0.0
2024-02-27 05:00:00,3.9877484235829934,1.1870577345492577,32.46774575972603,0.0
2024-02-27 06:00:00,4.095735833866564,1.203337555185033,35.36014403840756,0.0
2024-02-27 07:00:00,3.325241844533731,1.996464884647764,36.688920998293526,0.0
2024-02-27 08:00:00,4.558773251518032,0.6456728764286875,40.60202137338287,0.0
2024-02-27 09:00:00,3.5754999685927427,2.1992955023130527,41.97822583966256,0.0
2024-02-27 10:00:00,3.557376817403576,1.7601898629425594,43.775412794123575,0.0
2024-02-27 11:00:00,0.0,1.8149904201737672,41.96042237394981,1.8149904201737672
2024-02-27 12:00:00,0.0,1.328517416921673,40.63190495702814,1.328517416921673
2024-02-27 13:00:00,0.0,1.0976203266906304,39.53428463033751,1.0976203266906304
2024-02-27 14:00:00,0.0,1.7328866592454117,37.8013979710921,1.7328866592454117
2024-02-27 15:00:00,0.0,2.1216171652397318,35.67978080585237,2.1216171652397318
2024-02-27 16:00:00,0.0,1.9895927177948667,33.6901880880575,1.9895927177948667
2024-02-27 17:00:00,0.0,1.7249501147046964,31.965237973352806,1.7249501147046964
2024-02-27 18:00:00,0.0,0.8158184539729889,31.14941951937982,0.8158184539729889
2024-02-27 19:00:00,0.0,1.4595258968780782,29.689893622501742,1.4595258968780782
2024-02-27 20:00:00,0.0,1.2693138926266052,28.420579729875136,1.2693138926266052
2024-02-27 21:00:00,0.0,1.0910359951561965,27.32954373471894,1.0910359951561965
2024-02-27 22:00:00,0.0,1.1730600431739497,26.156483691544988,1.1730600431739497
2024-02-27 23:00:00,0.0,1.4941382483954033,24.662345443149583,1.4941382483954033
2024-02-28 00:00:00,0.42069963101847885,1.2110396115836446,36.1468097912725,0.7903399805651657
2024-02-28 01:00:00,1.9164229012234522,1.5006628443672037,36.56256984812875,0.0
2024-02-28 02:00:00,2.395420985388038,1.021215522492394,37.93677531102439,0.0
2024-02-28 03:00:00,2.239094893318828,1.2706806819494578,38.90518952239376,0.0
2024-02-28 04:00:00,4.32080409538031,2.3386885439027445,40.88730507387133,0.0
2024-02-28 05:00:00,3.058531553413397,2.0384240723288403,41.90741255495589,0.0
2024-02-28 06:00:00,1.830322582274298,0.9029052994538553,42.83482983777633,0.0
2024-02-28 07:00:00,2.9049248489694985,0.8237456552796388,44.916009031466196,0.0
2024-02-28 08:00:00,1.8805132253501753,1.7064994560688989,45.09002280074748,0.0
2024-02-28 09:00:00,2.614359427018329,1.689702698802555,46.01467952896325,0.0
2024-02-28 10:00:00,2.6904726861215127,1.6328084965862668,47.072343718498495,0.0
2024-02-28 11:00:00,1.6930393565604578,1.4652338568788652,47.30014921818008,0.0
2024-02-28 12:00:00,0.0,2.028907090410398,45.27124212776968,2.028907090410398
2024-02-28 13:00:00,0.0,1.032201850618787,44.23904027715089,1.032201850618787
2024-02-28 14:00:00,0.0,1.0435945403517435,43.19544573679915,1.0435945403517435
2024-02-28 15:00:00,0.0,1.6720269607817333,41.523418776017415,1.6720269607817333
2024-02-28 16:00:00,0.0,1.0510849667871853,40.47233380923023,1.0510849667871853
2024-02-28 17:00:00,0.0,2.037166502385122,38.43516730684511,2.037166502385122
2024-02-28 18:00:00,0.0,2.537532519674271,35.89763478717084,2.537532519674271
2024-02-28 19:00:00,0.0,2.0721465342799696,33.825488252890864,2.0721465342799696
2024-02-28 20:00:00,0.0,1.8819301758167113,31.94355807707415,1.8819301758167113
2024-02-28 21:00:00,0.0,1.2245090982308753,30.719048978843276,1.2245090982308753
2024-02-28 22:00:00,0.0,1.9726057673057418,28.746443211537535,1.9726057673057418
2024-02-28 23:00:00,0.0,1.06076309932897,27.685680112208566,1.06076309932897
2024-02-29 00:00:00,0.0,1.897150565988503,72.04633533001348,1.897150565988503
2024-02-29 01:00:00,0.8533842618967113,1.5690953183920073,71.33062427351818,0.715711056495296
2024-02-29 02:00:00,2.1270927488427973,1.543485108787679,71.9142319135733,0.0
2024-02-29 03:00:00,4.351952436975229,0.8167761865529684,75.44940816399556,0.0
2024-02-29 04:00:00,1.7417582582679685,0.5333549641672134,76.6578114580963,0.0
2024-02-29 05:00:00,4.932847569092187,1.11328125406617,80.47737777312233,0.0
2024-02-29 06:00:00,4.132186469514886,1.4426414379377104,83.16692280469951,0.0
2024-02-29 07:00:00,2.977328164516293,1.9257386187778494,84.21851235043795,0.0
2024-02-29 08:00:00,3.336638646920371,1.3811324614808076,86.17401853587752,0.0
2024-02-29 09:00:00,3.061298432486441,1.8603860424191085,87.37493092594485,0.0
2024-02-29 10:00:00,1.041023756465552,1.9364591736666434,86.47949550874375,0.8954354172010914
2024-02-29 11:00:00,2.4851297001834336,0.7869388156194119,88.17768639330778,0.0
2024-02-29 12:00:00,0.278298979127832,1.3475388938213364,87.10844647861427,1.0692399146935043
2024-02-29 13:00:00,0.0,0.8916703937365744,86.2167760848777,0.8916703937365744
2024-02-29 14:00:00,0.0,0.6960525967854654,85.52072348809223,0.6960525967854654
2024-02-29 15:00:00,0.0,1.71714803799768,83.80357545009456,1.71714803799768
2024-02-29 16:00:00,0.0,1.0782992257714812,82.72527622432307,1.0782992257714812
2024-02-29 17:00:00,0.0,1.53887995999554,81.18639626432753,1.53887995999554
2024-02-29 18:00:00,0.0,1.929344255732813,79.25705200859471,1.929344255732813
2024-02-29 19:00:00,0.0,1.6597963248975023,77.59725568369721,1.6597963248975023
2024-02-29 20:00:00,0.0,1.075335257085296,76.52192042661191,1.075335257085296
2024-02-29 21:00:00,0.0,1.250617406403184,75.27130302020873,1.250617406403184
2024-02-29 22:00:00,0.0,2.0826637089010807,73.18863931130765,2.0826637089010807
2024-02-29 23:00:00,0.0,1.1685466638600674,72.02009264744758,1.1685466638600674
2024-03-01 00:00:00,0.0,2.410271953970908,96.1003947853315,2.410271953970908
2024-03-01 01:00:00,0.4688815891953597,1.915808393090202,94.65346798143666,1.4469268038948422
2024-03-01 02:00:00,2.2094700836477723,1.007732974759016,95.85520509032541,0.0
2024-03-01 03:00:00,2.8224724155334604,1.892001389655374,96.78567611620349,0.0
2024-03-01 04:00:00,3.275840280051448,2.096556472925514,97.96495992332943,0.0
2024-03-01 05:00:00,4.885218697938138,1.9594574273291647,100.0,0.0
2024-03-01 06:00:00,3.540343227727003,0.9600787761092565,100.0,0.0
2024-03-01 07:00:00,3.250115699793479,1.5981204703333602,100.0,0.0
2024-03-01 08:00:00,4.009888328670111,0.41421429761977624,100.0,0.0
2024-03-01 09:00:00,2.82031392313444,1.5790446126615922,100.0,0.0
2024-03-01 10:00:00,1.7224557436844483,2.1456369195079397,99.57681882417651,0.42318117582349135
2024-03-01 11:00:00,1.457056254660955,2.1550959540404486,98.87877912479702,0.6980396993794937
2024-03-01 12:00:00,0.0,1.9687387462534625,96.91004037854356,1.9687387462534625
2024-03-01 13:00:00,0.5997902141174363,2.1558467246363304,95.35398386802466,1.5560565105188942
2024-03-01 14:00:00,0.0,1.3731619612288095,93.98082190679585,1.3731619612288095
2024-03-01 15:00:00,0.0,1.7446272675381638,92.23619463925769,1.7446272675381638
2024-03-01 16:00:00,0.0,1.080553662987132,91.15564097627056,1.080553662987132
2024-03-01 17:00:00,0.0,0.4900363339219318,90.66560464234863,0.4900363339219318
2024-03-01 18:00:00,0.0,1.2438128796616532,89.42179176268698,1.2438128796616532
2024-03-01 19:00:00,0.0,1.3451751430059693,88.076616619681,1.3451751430059693
2024-03-01 20:00:00,0.0,0.08124677930131052,87.9953698403797,0.08124677930131052
2024-03-01 21:00:00,0.0,1.447090621251151,86.54827921912855,1.447090621251151
2024-03-01 22:00:00,0.0,2.363113272817816,84.18516594631073,2.363113272817816
2024-03-01 23:00:00,0.0,1.8858980886178305,82.2992678576929,1.8858980886178305
